-8.49731e-06,-0.217122,14.0313,0.1,40.3569,0.1,5.18181,0.1,5.18181,0.217122
-4.8329e-05,-0.52783,18.0747,0.2,40.4774,0.2,6.75681,0.2,6.75681,0.52783
-0.00013605,-0.938245,22.1292,0.3,40.5869,0.3,8.72475,0.3,8.72475,0.938245
-0.000288747,-1.45351,26.1937,0.4,40.6863,0.4,11.0854,0.4,11.0854,1.45351
-0.000523901,-2.07811,30.2672,0.5,40.7758,0.5,13.8386,0.5,13.8386,2.07811
-0.000859309,-2.816,34.3489,0.6,40.8558,0.6,16.9842,0.6,16.9842,2.816
-0.00131302,-3.67077,38.4378,0.7,40.9264,0.7,20.5219,0.7,20.5219,3.67077
-0.00190331,-4.64567,42.533,0.8,40.9878,0.8,24.4515,0.8,24.4515,4.64567
-0.00264862,-5.7437,46.6336,0.9,41.04,0.9,28.7727,0.9,28.7727,5.7437
-0.00356754,-6.96761,50.7386,1,41.0831,1,33.4852,1,33.4852,6.96761
-0.00467882,-8.31998,54.8473,1.1,41.1172,1.1,38.5886,1.1,38.5886,8.31998
-0.0060013,-9.8032,58.9587,1.2,41.1422,1.2,44.0825,1.2,44.0825,9.80321
-0.00755392,-11.4195,63.0719,1.3,41.1583,1.3,49.9664,1.3,49.9664,11.4195
-0.00935568,-13.171,67.186,1.4,41.1654,1.4,56.2397,1.4,56.2397,13.171
-0.0114257,-15.0597,71.3002,1.5,41.1637,1.5,62.9018,1.5,62.9018,15.0597
-0.013783,-17.0874,75.4135,1.6,41.1532,1.6,69.9521,1.6,69.9521,17.0874
-0.0164469,-19.2559,79.5251,1.7,41.1339,1.7,77.3897,1.7,77.3897,19.2559
-0.0194364,-21.5667,83.6342,1.8,41.1059,1.8,85.214,1.8,85.214,21.5667
-0.0227709,-24.0215,87.7398,1.9,41.0692,1.9,93.424,1.9,93.424,24.0216
-0.0264695,-26.6218,91.841,2,41.024,2,102.019,2,102.019,26.6218
-0.0305514,-29.3688,95.9372,2.1,40.9703,2.1,110.997,2.1,110.997,29.3688
-0.0350357,-32.2639,100.027,2.2,40.9082,2.2,120.359,2.2,120.359,32.2639
-0.0399417,-35.3083,104.111,2.3,40.8378,2.3,130.101,2.3,130.101,35.3083
-0.0452884,-38.5031,108.186,2.4,40.7592,2.4,140.225,2.4,140.225,38.5031
-0.0510948,-41.8494,112.253,2.5,40.6724,2.5,150.727,2.5,150.727,41.8495
-0.0573801,-45.3483,116.311,2.6,40.5777,2.6,161.607,2.6,161.607,45.3483
-0.0641631,-49.0005,120.359,2.7,40.4751,2.7,172.863,2.7,172.863,49.0006
-0.0714627,-52.8071,124.396,2.8,40.3648,2.8,184.495,2.8,184.495,52.8071
-0.0792977,-56.7688,128.421,2.9,40.2469,2.9,196.5,2.9,196.5,56.7688
-0.0876868,-60.8863,132.434,3,40.1216,3,208.876,3,208.876,60.8864
-0.0966486,-65.1605,136.434,3.1,39.9889,3.1,221.623,3.1,221.623,65.1605
-0.106202,-69.5918,140.42,3.2,39.8491,3.2,234.738,3.2,234.738,69.5919
-0.116364,-74.1809,144.392,3.3,39.7024,3.3,248.219,3.3,248.219,74.181
-0.127155,-78.9284,148.348,3.4,39.5488,3.4,262.066,3.4,262.066,78.9285
-0.138591,-83.8346,152.288,3.5,39.3886,3.5,276.275,3.5,276.275,83.8347
-0.150692,-88.9001,156.212,3.6,39.2219,3.6,290.845,3.6,290.845,88.9002
-0.163475,-94.1252,160.118,3.7,39.049,3.7,305.775,3.7,305.775,94.1254
-0.176957,-99.5103,164.007,3.8,38.8699,3.8,321.061,3.8,321.061,99.5104
-0.191157,-105.056,167.877,3.9,38.685,3.9,336.702,3.9,336.702,105.056
-0.206092,-110.761,171.729,4,38.4944,4,352.696,4,352.696,110.762
-0.221779,-116.628,175.56,4.1,38.2984,4.1,369.04,4.1,369.04,116.628
-0.238235,-122.655,179.372,4.2,38.097,4.2,385.733,4.2,385.733,122.656
-0.255477,-128.844,183.163,4.3,37.8906,4.3,402.771,4.3,402.771,128.844
-0.273523,-135.193,186.933,4.4,37.6793,4.4,420.154,4.4,420.154,135.194
-0.292389,-141.704,190.681,4.5,37.4633,4.5,437.877,4.5,437.877,141.704
-0.312091,-148.376,194.407,4.6,37.243,4.6,455.94,4.6,455.94,148.376
-0.332646,-155.209,198.11,4.7,37.0184,4.7,474.338,4.7,474.338,155.209
-0.35407,-162.203,201.791,4.8,36.7898,4.8,493.071,4.8,493.071,162.203
-0.376379,-169.358,205.448,4.9,36.5574,4.9,512.136,4.9,512.136,169.358
-0.399589,-176.673,209.082,5,36.3214,5,531.529,5,531.529,176.674
-0.423715,-184.15,212.692,5.1,36.0821,5.1,551.249,5.1,551.249,184.151
-0.448773,-191.787,216.277,5.2,35.8397,5.2,571.293,5.2,571.293,191.788
-0.474778,-199.585,219.838,5.3,35.5943,5.3,591.658,5.3,591.658,199.585
-0.501745,-207.542,223.373,5.4,35.3463,5.4,612.341,5.4,612.341,207.543
-0.529689,-215.66,226.884,5.5,35.0958,5.5,633.341,5.5,633.341,215.66
-0.558625,-223.937,230.368,5.6,34.843,5.6,654.653,5.6,654.653,223.937
-0.588567,-232.373,233.828,5.7,34.5881,5.7,676.277,5.7,676.277,232.374
-0.619531,-240.968,237.261,5.8,34.3314,5.8,698.208,5.8,698.208,240.969
-0.651529,-249.722,240.668,5.9,34.0731,5.9,720.444,5.9,720.444,249.723
-0.684576,-258.634,244.049,6,33.8133,6,742.983,6,742.983,258.635
-0.718685,-267.704,247.404,6.1,33.5523,6.1,765.822,6.1,765.822,267.705
-0.753871,-276.931,250.732,6.2,33.2903,6.2,788.958,6.2,788.958,276.932
-0.790147,-286.315,254.034,6.3,33.0275,6.3,812.387,6.3,812.387,286.316
-0.827525,-295.856,257.309,6.4,32.7639,6.4,836.109,6.4,836.109,295.857
-0.86602,-305.553,260.557,6.5,32.5,6.5,860.119,6.5,860.119,305.554
-0.905644,-315.405,263.779,6.6,32.2358,6.6,884.415,6.6,884.415,315.407
-0.946409,-325.413,266.974,6.7,31.9714,6.7,908.994,6.7,908.994,325.414
-0.988329,-335.575,270.142,6.8,31.7072,6.8,933.854,6.8,933.854,335.577
-1.03142,-345.892,273.283,6.9,31.4432,6.9,958.992,6.9,958.992,345.893
-1.07568,-356.362,276.397,7,31.1797,7,984.404,7,984.404,356.363
-1.12114,-366.985,279.485,7.1,30.9168,7.1,1010.09,7.1,1010.09,366.986
-1.1678,-377.76,282.546,7.2,30.6546,7.2,1036.04,7.2,1036.04,377.762
-1.21567,-388.688,285.581,7.3,30.3933,7.3,1062.27,7.3,1062.27,388.69
-1.26477,-399.767,288.589,7.4,30.1331,7.4,1088.75,7.4,1088.75,399.769
-1.31511,-410.997,291.571,7.5,29.8741,7.5,1115.5,7.5,1115.5,410.999
-1.3667,-422.377,294.527,7.6,29.6164,7.6,1142.5,7.6,1142.5,422.379
-1.41954,-433.907,297.456,7.7,29.3602,7.7,1169.77,7.7,1169.77,433.909
-1.47366,-445.586,300.36,7.8,29.1057,7.8,1197.28,7.8,1197.28,445.588
-1.52906,-457.414,303.237,7.9,28.8528,7.9,1225.05,7.9,1225.05,457.416
-1.58576,-469.389,306.09,8,28.6019,8,1253.06,8,1253.06,469.392
-1.64375,-481.512,308.916,8.1,28.3529,8.1,1281.32,8.1,1281.32,481.515
-1.70306,-493.782,311.718,8.2,28.106,8.2,1309.83,8.2,1309.83,493.785
-1.7637,-506.198,314.495,8.3,27.8613,8.3,1338.57,8.3,1338.57,506.201
-1.82567,-518.76,317.246,8.4,27.6189,8.4,1367.56,8.4,1367.56,518.763
-1.88898,-531.467,319.974,8.5,27.3789,8.5,1396.77,8.5,1396.77,531.47
-1.95365,-544.318,322.677,8.6,27.1414,8.6,1426.23,8.6,1426.23,544.322
-2.01968,-557.314,325.356,8.7,26.9064,8.7,1455.91,8.7,1455.91,557.317
-2.08709,-570.452,328.011,8.8,26.6742,8.8,1485.82,8.8,1485.82,570.456
-2.15588,-583.734,330.642,8.9,26.4446,8.9,1515.95,8.9,1515.95,583.738
-2.22606,-597.157,333.25,9,26.2179,9,1546.32,9,1546.32,597.161
-2.29765,-610.722,335.836,9.1,25.9941,9.1,1576.9,9.1,1576.9,610.727
-2.37065,-624.429,338.398,9.2,25.7732,9.2,1607.7,9.2,1607.7,624.433
-2.44507,-638.275,340.939,9.3,25.5553,9.3,1638.71,9.3,1638.71,638.28
-2.52092,-652.262,343.457,9.4,25.3405,9.4,1669.95,9.4,1669.95,652.267
-2.59821,-666.388,345.953,9.5,25.1288,9.5,1701.39,9.5,1701.39,666.393
-2.67695,-680.653,348.428,9.6,24.9203,9.6,1733.04,9.6,1733.04,680.658
-2.75715,-695.056,350.882,9.7,24.715,9.7,1764.91,9.7,1764.91,695.061
-2.83881,-709.597,353.315,9.8,24.5129,9.8,1796.97,9.8,1796.97,709.602
-2.92195,-724.275,355.727,9.9,24.3142,9.9,1829.25,9.9,1829.25,724.281
-3.00658,-739.089,358.119,10,24.1187,10,1861.72,10,1861.72,739.096
-3.0927,-754.04,360.491,10.1,23.9267,10.1,1894.39,10.1,1894.39,754.047
-3.18032,-769.127,362.844,10.2,23.738,10.2,1927.26,10.2,1927.26,769.134
-3.26945,-784.349,365.178,10.3,23.5527,10.3,1960.33,10.3,1960.33,784.356
-3.3601,-799.706,367.493,10.4,23.3709,10.4,1993.59,10.4,1993.59,799.713
-3.45228,-815.197,369.789,10.5,23.1925,10.5,2027.04,10.5,2027.04,815.204
-3.546,-830.822,372.067,10.6,23.0176,10.6,2060.68,10.6,2060.68,830.829
-3.64126,-846.58,374.328,10.7,22.8462,10.7,2094.51,10.7,2094.51,846.587
-3.73807,-862.471,376.571,10.8,22.6783,10.8,2128.53,10.8,2128.53,862.479
-3.83645,-878.494,378.796,10.9,22.5138,10.9,2162.73,10.9,2162.73,878.502
-3.93639,-894.65,381.006,11,22.3529,11,2197.12,11,2197.12,894.658
-4.03792,-910.937,383.198,11.1,22.1954,11.1,2231.68,11.1,2231.68,910.946
-4.14103,-927.355,385.375,11.2,22.0415,11.2,2266.43,11.2,2266.43,927.364
-4.24574,-943.904,387.536,11.3,21.891,11.3,2301.35,11.3,2301.35,943.914
-4.35205,-960.584,389.681,11.4,21.7441,11.4,2336.45,11.4,2336.45,960.593
-4.45997,-977.393,391.812,11.5,21.6006,11.5,2371.72,11.5,2371.72,977.403
-4.56952,-994.332,393.928,11.6,21.4607,11.6,2407.17,11.6,2407.17,994.343
-4.68069,-1011.4,396.029,11.7,21.3242,11.7,2442.79,11.7,2442.79,1011.41
-4.7935,-1028.6,398.117,11.8,21.1911,11.8,2478.58,11.8,2478.58,1028.61
-4.90795,-1045.92,400.191,11.9,21.0615,11.9,2514.54,11.9,2514.54,1045.94
-5.02406,-1063.38,402.252,12,20.9353,12,2550.67,12,2550.67,1063.39
-5.14183,-1080.96,404.3,12.1,20.8126,12.1,2586.96,12.1,2586.96,1080.97
-5.26128,-1098.67,406.335,12.2,20.6932,12.2,2623.42,12.2,2623.42,1098.69
-5.3824,-1116.51,408.358,12.3,20.5772,12.3,2660.04,12.3,2660.04,1116.52
-5.50521,-1134.48,410.369,12.4,20.4646,12.4,2696.83,12.4,2696.83,1134.49
-5.62971,-1152.57,412.369,12.5,20.3553,12.5,2733.77,12.5,2733.77,1152.58
-5.75592,-1170.79,414.357,12.6,20.2493,12.6,2770.88,12.6,2770.88,1170.8
-5.88384,-1189.13,416.335,12.7,20.1466,12.7,2808.14,12.7,2808.14,1189.15
-6.01349,-1207.6,418.302,12.8,20.0472,12.8,2845.56,12.8,2845.56,1207.62
-6.14486,-1226.2,420.259,12.9,19.951,12.9,2883.14,12.9,2883.14,1226.22
-6.27797,-1244.92,422.206,13,19.858,13,2920.88,13,2920.88,1244.94
-6.41283,-1263.77,424.143,13.1,19.7682,13.1,2958.76,13.1,2958.76,1263.79
-6.54945,-1282.75,426.071,13.2,19.6816,13.2,2996.8,13.2,2996.8,1282.76
-6.68783,-1301.85,427.99,13.3,19.5981,13.3,3035,13.3,3035,1301.86
-6.82798,-1321.07,429.9,13.4,19.5177,13.4,3073.34,13.4,3073.34,1321.09
-6.96992,-1340.42,431.803,13.5,19.4404,13.5,3111.84,13.5,3111.84,1340.44
-7.11365,-1359.89,433.697,13.6,19.3661,13.6,3150.49,13.6,3150.49,1359.91
-7.25917,-1379.49,435.583,13.7,19.2949,13.7,3189.28,13.7,3189.28,1379.51
-7.40651,-1399.22,437.463,13.8,19.2266,13.8,3228.22,13.8,3228.22,1399.24
-7.55567,-1419.07,439.335,13.9,19.1613,13.9,3267.31,13.9,3267.31,1419.09
-7.70665,-1439.04,441.2,14,19.0989,14,3306.55,14,3306.55,1439.06
-7.85946,-1459.14,443.059,14.1,19.0394,14.1,3345.93,14.1,3345.93,1459.16
-8.01413,-1479.36,444.911,14.2,18.9828,14.2,3385.46,14.2,3385.46,1479.38
-8.17064,-1499.7,446.758,14.3,18.929,14.3,3425.13,14.3,3425.13,1499.72
-8.32903,-1520.17,448.599,14.4,18.8781,14.4,3464.94,14.4,3464.94,1520.19
-8.48928,-1540.77,450.435,14.5,18.8299,14.5,3504.9,14.5,3504.9,1540.79
-8.65142,-1561.48,452.266,14.6,18.7844,14.6,3545,14.6,3545,1561.51
-8.81545,-1582.33,454.092,14.7,18.7417,14.7,3585.24,14.7,3585.24,1582.35
-8.98138,-1603.29,455.914,14.8,18.7016,14.8,3625.62,14.8,3625.62,1603.32
-9.14923,-1624.38,457.731,14.9,18.6642,14.9,3666.14,14.9,3666.14,1624.41
-9.31899,-1645.6,459.545,15,18.6294,15,3706.81,15,3706.81,1645.62
-9.49069,-1666.94,461.355,15.1,18.5973,15.1,3747.61,15.1,3747.61,1666.96
-9.66432,-1688.4,463.161,15.2,18.5677,15.2,3788.55,15.2,3788.55,1688.43
-9.83991,-1709.99,464.965,15.3,18.5406,15.3,3829.63,15.3,3829.63,1710.02
-10.0175,-1731.7,466.765,15.4,18.516,15.4,3870.85,15.4,3870.85,1731.73
-10.197,-1753.54,468.563,15.5,18.494,15.5,3912.2,15.5,3912.2,1753.57
-10.3785,-1775.5,470.358,15.6,18.4744,15.6,3953.69,15.6,3953.69,1775.53
-10.562,-1797.58,472.152,15.7,18.4572,15.7,3995.32,15.7,3995.32,1797.61
-10.7475,-1819.79,473.943,15.8,18.4424,15.8,4037.09,15.8,4037.09,1819.83
-10.935,-1842.13,475.733,15.9,18.4299,15.9,4078.99,15.9,4078.99,1842.16
-11.1245,-1864.59,477.522,16,18.4199,16,4121.03,16,4121.03,1864.62
-11.3161,-1887.18,479.31,16.1,18.4121,16.1,4163.2,16.1,4163.2,1887.21
-11.5097,-1909.89,481.096,16.2,18.4067,16.2,4205.51,16.2,4205.51,1909.92
-11.7054,-1932.72,482.882,16.3,18.4035,16.3,4247.96,16.3,4247.96,1932.76
-11.9031,-1955.69,484.668,16.4,18.4025,16.4,4290.54,16.4,4290.54,1955.72
-12.1029,-1978.77,486.453,16.5,18.4038,16.5,4333.26,16.5,4333.26,1978.81
-12.3048,-2001.99,488.239,16.6,18.4073,16.6,4376.11,16.6,4376.11,2002.03
-12.5088,-2025.33,490.024,16.7,18.4129,16.7,4419.09,16.7,4419.09,2025.37
-12.7149,-2048.8,491.81,16.8,18.4207,16.8,4462.21,16.8,4462.21,2048.84
-12.9231,-2072.39,493.597,16.9,18.4306,16.9,4505.46,16.9,4505.46,2072.43
-13.1335,-2096.11,495.385,17,18.4426,17,4548.85,17,4548.85,2096.15
-13.346,-2119.96,497.174,17.1,18.4568,17.1,4592.37,17.1,4592.37,2120
-13.5607,-2143.94,498.965,17.2,18.4729,17.2,4636.03,17.2,4636.03,2143.98
-13.7775,-2168.04,500.757,17.3,18.4912,17.3,4679.82,17.3,4679.82,2168.09
-13.9966,-2192.27,502.551,17.4,18.5114,17.4,4723.74,17.4,4723.74,2192.32
-14.2178,-2216.63,504.347,17.5,18.5336,17.5,4767.8,17.5,4767.8,2216.68
-14.4412,-2241.12,506.145,17.6,18.5579,17.6,4812,17.6,4812,2241.17
-14.6668,-2265.74,507.945,17.7,18.5841,17.7,4856.32,17.7,4856.32,2265.79
-14.8947,-2290.49,509.748,17.8,18.6122,17.8,4900.78,17.8,4900.78,2290.54
-15.1248,-2315.37,511.554,17.9,18.6423,17.9,4945.38,17.9,4945.38,2315.41
-15.3572,-2340.37,513.363,18,18.6743,18,4990.11,18,4990.11,2340.42
-15.5918,-2365.51,515.175,18.1,18.7082,18.1,5034.97,18.1,5034.97,2365.56
-15.8288,-2390.78,516.991,18.2,18.744,18.2,5079.97,18.2,5079.97,2390.83
-16.068,-2416.18,518.81,18.3,18.7817,18.3,5125.11,18.3,5125.11,2416.23
-16.3095,-2441.71,520.633,18.4,18.8212,18.4,5170.38,18.4,5170.38,2441.76
-16.5533,-2467.37,522.461,18.5,18.8625,18.5,5215.78,18.5,5215.78,2467.42
-16.7995,-2493.16,524.292,18.6,18.9057,18.6,5261.32,18.6,5261.32,2493.22
-17.048,-2519.09,526.128,18.7,18.9507,18.7,5306.99,18.7,5306.99,2519.15
-17.2989,-2545.15,527.968,18.8,18.9975,18.8,5352.8,18.8,5352.8,2545.21
-17.5522,-2571.34,529.813,18.9,19.0461,18.9,5398.75,18.9,5398.75,2571.4
-17.8078,-2597.67,531.663,19,19.0965,19,5444.84,19,5444.84,2597.73
-18.0659,-2624.13,533.518,19.1,19.1486,19.1,5491.05,19.1,5491.05,2624.19
-18.3264,-2650.73,535.379,19.2,19.2025,19.2,5537.41,19.2,5537.41,2650.79
-18.5893,-2677.46,537.245,19.3,19.2582,19.3,5583.91,19.3,5583.91,2677.52
-18.8546,-2704.33,539.116,19.4,19.3156,19.4,5630.54,19.4,5630.54,2704.39
-19.1224,-2731.33,540.994,19.5,19.3747,19.5,5677.31,19.5,5677.31,2731.4
-19.3927,-2758.47,542.877,19.6,19.4356,19.6,5724.21,19.6,5724.21,2758.54
-19.6655,-2785.75,544.767,19.7,19.4982,19.7,5771.26,19.7,5771.26,2785.82
-19.9408,-2813.16,546.663,19.8,19.5625,19.8,5818.44,19.8,5818.44,2813.23
-20.2186,-2840.71,548.566,19.9,19.6285,19.9,5865.77,19.9,5865.77,2840.79
-20.4989,-2868.41,550.476,20,19.6961,20,5913.23,20,5913.23,2868.48
-20.7793,-2895.99,542.522,20.1,78.4642,20.1,5960.41,20.1,5960.41,2896.06
-21.0571,-2923.21,534.812,20.2,76.1,20.2,6006.88,20.2,6006.88,2923.29
-21.3326,-2950.1,527.332,20.3,73.8515,20.3,6052.67,20.3,6052.67,2950.17
-21.6058,-2976.65,520.073,20.4,71.7111,20.4,6097.8,20.4,6097.8,2976.73
-21.8767,-3002.89,513.022,20.5,69.672,20.5,6142.29,20.5,6142.29,3002.97
-22.1456,-3028.81,506.172,20.6,67.7277,20.6,6186.16,20.6,6186.16,3028.89
-22.4123,-3054.43,499.512,20.7,65.8724,20.7,6229.42,20.7,6229.42,3054.52
-22.677,-3079.77,493.034,20.8,64.1007,20.8,6272.08,20.8,6272.08,3079.85
-22.9398,-3104.81,486.729,20.9,62.4076,20.9,6314.18,20.9,6314.18,3104.9
-23.2007,-3129.59,480.591,21,60.7884,21,6355.71,21,6355.71,3129.67
-23.4598,-3154.09,474.612,21.1,59.2389,21.1,6396.7,21.1,6396.7,3154.18
-23.7171,-3178.34,468.785,21.2,57.7551,21.2,6437.16,21.2,6437.16,3178.43
-23.9727,-3202.33,463.104,21.3,56.3332,21.3,6477.09,21.3,6477.09,3202.42
-24.2266,-3226.08,457.563,21.4,54.9698,21.4,6516.52,21.4,6516.52,3226.17
-24.4789,-3249.59,452.156,21.5,53.6618,21.5,6555.46,21.5,6555.46,3249.68
-24.7297,-3272.87,446.877,21.6,52.4061,21.6,6593.91,21.6,6593.91,3272.96
-24.9789,-3295.92,441.723,21.7,51.1999,21.7,6631.89,21.7,6631.89,3296.01
-25.2267,-3318.74,436.687,21.8,50.0407,21.8,6669.41,21.8,6669.41,3318.84
-25.473,-3341.36,431.766,21.9,48.9261,21.9,6706.47,21.9,6706.47,3341.45
-25.7179,-3363.76,426.955,22,47.8536,22,6743.1,22,6743.1,3363.86
-25.9615,-3385.96,422.25,22.1,46.8213,22.1,6779.29,22.1,6779.29,3386.06
-26.2038,-3407.96,417.646,22.2,45.8271,22.2,6815.06,22.2,6815.06,3408.06
-26.4448,-3429.76,413.141,22.3,44.8692,22.3,6850.41,22.3,6850.41,3429.86
-26.6845,-3451.37,408.731,22.4,43.9458,22.4,6885.36,22.4,6885.36,3451.47
-26.923,-3472.8,404.413,22.5,43.0552,22.5,6919.91,22.5,6919.91,3472.9
-27.1604,-3494.05,400.182,22.6,42.1959,22.6,6954.07,22.6,6954.07,3494.15
-27.3966,-3515.11,396.037,22.7,41.3665,22.7,6987.84,22.7,6987.84,3515.22
-27.6317,-3536.01,391.974,22.8,40.5655,22.8,7021.24,22.8,7021.24,3536.12
-27.8656,-3556.73,387.99,22.9,39.7917,22.9,7054.27,22.9,7054.27,3556.84
-28.0986,-3577.3,384.084,23,39.0438,23,7086.94,23,7086.94,3577.41
-28.3304,-3597.69,380.252,23.1,38.3207,23.1,7119.26,23.1,7119.26,3597.8
-28.5613,-3617.93,376.491,23.2,37.6213,23.2,7151.22,23.2,7151.22,3618.05
-28.7912,-3638.02,372.801,23.3,36.9446,23.3,7182.85,23.3,7182.85,3638.13
-29.0201,-3657.95,369.178,23.4,36.2896,23.4,7214.13,23.4,7214.13,3658.07
-29.2481,-3677.74,365.62,23.5,35.6553,23.5,7245.09,23.5,7245.09,3677.85
-29.4752,-3697.37,362.125,23.6,35.041,23.6,7275.72,23.6,7275.72,3697.49
-29.7014,-3716.87,358.692,23.7,34.4457,23.7,7306.03,23.7,7306.03,3716.99
-29.9267,-3736.23,355.318,23.8,33.8688,23.8,7336.02,23.8,7336.02,3736.35
-30.1512,-3755.45,352.002,23.9,33.3093,23.9,7365.71,23.9,7365.71,3755.57
-30.3748,-3774.53,348.742,24,32.7668,24,7395.09,24,7395.09,3774.66
-30.5976,-3793.49,345.537,24.1,32.2403,24.1,7424.17,24.1,7424.17,3793.61
-30.8197,-3812.31,342.384,24.2,31.7295,24.2,7452.95,24.2,7452.95,3812.44
-31.0409,-3831.01,339.282,24.3,31.2335,24.3,7481.45,24.3,7481.45,3831.14
-31.2614,-3849.59,336.231,24.4,30.7519,24.4,7509.65,24.4,7509.65,3849.71
-31.4812,-3868.04,333.227,24.5,30.2842,24.5,7537.58,24.5,7537.58,3868.17
-31.7002,-3886.38,330.271,24.6,29.8297,24.6,7565.22,24.6,7565.22,3886.51
-31.9186,-3904.59,327.361,24.7,29.388,24.7,7592.59,24.7,7592.59,3904.72
-32.1362,-3922.7,324.495,24.8,28.9586,24.8,7619.7,24.8,7619.7,3922.83
-32.3532,-3940.69,321.673,24.9,28.541,24.9,7646.53,24.9,7646.53,3940.82
-32.5695,-3958.56,318.893,25,28.1349,25,7673.1,25,7673.1,3958.7
-32.7852,-3976.33,316.154,25.1,27.7399,25.1,7699.41,25.1,7699.41,3976.47
-33.0002,-3994,313.455,25.2,27.3554,25.2,7725.47,25.2,7725.47,3994.13
-33.2146,-4011.56,310.795,25.3,26.9812,25.3,7751.27,25.3,7751.27,4011.69
-33.4284,-4029.01,308.173,25.4,26.6169,25.4,7776.83,25.4,7776.83,4029.15
-33.6416,-4046.37,305.588,25.5,26.2621,25.5,7802.13,25.5,7802.13,4046.51
-33.8542,-4063.62,303.039,25.6,25.9166,25.6,7827.2,25.6,7827.2,4063.76
-34.0663,-4080.78,300.526,25.7,25.58,25.7,7852.02,25.7,7852.02,4080.92
-34.2778,-4097.84,298.046,25.8,25.252,25.8,7876.61,25.8,7876.61,4097.98
-34.4888,-4114.8,295.601,25.9,24.9323,25.9,7900.97,25.9,7900.97,4114.95
-34.6992,-4131.68,293.188,26,24.6206,26,7925.09,26,7925.09,4131.82
-34.9091,-4148.46,290.807,26.1,24.3167,26.1,7948.98,26.1,7948.98,4148.61
-35.1185,-4165.15,288.458,26.2,24.0204,26.2,7972.65,26.2,7972.65,4165.3
-35.3274,-4181.75,286.139,26.3,23.7313,26.3,7996.09,26.3,7996.09,4181.9
-35.5358,-4198.27,283.849,26.4,23.4493,26.4,8019.32,26.4,8019.32,4198.42
-35.7438,-4214.7,281.589,26.5,23.1741,26.5,8042.32,26.5,8042.32,4214.85
-35.9512,-4231.05,279.357,26.6,22.9055,26.6,8065.11,26.6,8065.11,4231.2
-36.1582,-4247.31,277.153,26.7,22.6434,26.7,8087.69,26.7,8087.69,4247.47
-36.3648,-4263.49,274.977,26.8,22.3874,26.8,8110.05,26.8,8110.05,4263.65
-36.5709,-4279.59,272.826,26.9,22.1375,26.9,8132.21,26.9,8132.21,4279.75
-36.7765,-4295.62,270.702,27,21.8934,27,8154.16,27,8154.16,4295.77
-36.9818,-4311.56,268.604,27.1,21.6549,27.1,8175.9,27.1,8175.9,4311.72
-37.1866,-4327.43,266.53,27.2,21.4219,27.2,8197.45,27.2,8197.45,4327.59
-37.391,-4343.22,264.481,27.3,21.1943,27.3,8218.79,27.3,8218.79,4343.38
-37.595,-4358.94,262.456,27.4,20.9718,27.4,8239.93,27.4,8239.93,4359.1
-37.7986,-4374.58,260.454,27.5,20.7544,27.5,8260.88,27.5,8260.88,4374.75
-38.0018,-4390.16,258.475,27.6,20.5418,27.6,8281.63,27.6,8281.63,4390.32
-38.2047,-4405.66,256.518,27.7,20.3339,27.7,8302.19,27.7,8302.19,4405.82
-38.4072,-4421.09,254.584,27.8,20.1307,27.8,8322.56,27.8,8322.56,4421.25
-38.6093,-4436.45,252.671,27.9,19.9319,27.9,8342.74,27.9,8342.74,4436.62
-38.811,-4451.74,250.779,28,19.7374,28,8362.73,28,8362.73,4451.91
-39.0124,-4466.97,248.908,28.1,19.5472,28.1,8382.54,28.1,8382.54,4467.14
-39.2135,-4482.13,247.058,28.2,19.3611,28.2,8402.16,28.2,8402.16,4482.3
-39.4142,-4497.23,245.227,28.3,19.1789,28.3,8421.6,28.3,8421.6,4497.4
-39.6146,-4512.26,243.416,28.4,19.0007,28.4,8440.86,28.4,8440.86,4512.43
-39.8147,-4527.23,241.625,28.5,18.8262,28.5,8459.94,28.5,8459.94,4527.4
-40.0144,-4542.13,239.852,28.6,18.6554,28.6,8478.84,28.6,8478.84,4542.31
-40.2139,-4556.97,238.097,28.7,18.4881,28.7,8497.57,28.7,8497.57,4557.15
-40.413,-4571.76,236.361,28.8,18.3244,28.8,8516.12,28.8,8516.12,4571.94
-40.6118,-4586.48,234.643,28.9,18.164,28.9,8534.5,28.9,8534.5,4586.66
-40.8103,-4601.14,232.943,29,18.0069,29,8552.71,29,8552.71,4601.32
-41.0085,-4615.75,231.259,29.1,17.8531,29.1,8570.74,29.1,8570.74,4615.93
-41.2065,-4630.3,229.593,29.2,17.7024,29.2,8588.61,29.2,8588.61,4630.48
-41.4042,-4644.79,227.943,29.3,17.5547,29.3,8606.31,29.3,8606.31,4644.97
-41.6015,-4659.22,226.31,29.4,17.41,29.4,8623.85,29.4,8623.85,4659.41
-41.7987,-4673.6,224.693,29.5,17.2682,29.5,8641.22,29.5,8641.22,4673.79
-41.9955,-4687.93,223.092,29.6,17.1292,29.6,8658.42,29.6,8658.42,4688.11
-42.1921,-4702.2,221.506,29.7,16.993,29.7,8675.46,29.7,8675.46,4702.39
-42.3884,-4716.42,219.936,29.8,16.8594,29.8,8692.35,29.8,8692.35,4716.61
-42.5845,-4730.58,218.381,29.9,16.7285,29.9,8709.07,29.9,8709.07,4730.77
-42.7803,-4744.69,216.841,30,16.6002,30,8725.63,30,8725.63,4744.89
-42.9759,-4758.76,215.315,30.1,16.4743,30.1,8742.03,30.1,8742.03,4758.95
-43.1713,-4772.77,213.804,30.2,16.3509,30.2,8758.28,30.2,8758.28,4772.96
-43.3664,-4786.73,212.307,30.3,16.2298,30.3,8774.37,30.3,8774.37,4786.93
-43.5612,-4800.64,210.825,30.4,16.1111,30.4,8790.31,30.4,8790.31,4800.84
-43.7559,-4814.51,209.356,30.5,15.9946,30.5,8806.09,30.5,8806.09,4814.71
-43.9503,-4828.32,207.9,30.6,15.8804,30.6,8821.72,30.6,8821.72,4828.52
-44.1445,-4842.09,206.458,30.7,15.7683,30.7,8837.2,30.7,8837.2,4842.29
-44.3385,-4855.82,205.03,30.8,15.6583,30.8,8852.53,30.8,8852.53,4856.02
-44.5323,-4869.49,203.614,30.9,15.5503,30.9,8867.71,30.9,8867.71,4869.69
-44.7259,-4883.12,202.211,31,15.4444,31,8882.74,31,8882.74,4883.33
-44.9192,-4896.71,200.821,31.1,15.3405,31.1,8897.62,31.1,8897.62,4896.91
-45.1124,-4910.25,199.444,31.2,15.2385,31.2,8912.36,31.2,8912.36,4910.45
-45.3054,-4923.74,198.079,31.3,15.1383,31.3,8926.95,31.3,8926.95,4923.95
-45.4981,-4937.19,196.726,31.4,15.04,31.4,8941.39,31.4,8941.39,4937.4
-45.6907,-4950.6,195.385,31.5,14.9435,31.5,8955.69,31.5,8955.69,4950.81
-45.8831,-4963.97,194.057,31.6,14.8488,31.6,8969.85,31.6,8969.85,4964.18
-46.0753,-4977.3,192.74,31.7,14.7557,31.7,8983.87,31.7,8983.87,4977.51
-46.2673,-4990.58,191.434,31.8,14.6644,31.8,8997.74,31.8,8997.74,4990.79
-46.4592,-5003.82,190.14,31.9,14.5747,31.9,9011.47,31.9,9011.47,5004.04
-46.6508,-5017.02,188.858,32,14.4866,32,9025.06,32,9025.06,5017.24
-46.8423,-5030.18,187.587,32.1,14.4001,32.1,9038.52,32.1,9038.52,5030.4
-47.0336,-5043.31,186.327,32.2,14.3151,32.2,9051.83,32.2,9051.83,5043.53
-47.2248,-5056.39,185.078,32.3,14.2316,32.3,9065.01,32.3,9065.01,5056.61
-47.4158,-5069.43,183.84,32.4,14.1496,32.4,9078.05,32.4,9078.05,5069.66
-47.6066,-5082.44,182.612,32.5,14.0691,32.5,9090.96,32.5,9090.96,5082.66
-47.7973,-5095.41,181.396,32.6,13.99,32.6,9103.73,32.6,9103.73,5095.63
-47.9878,-5108.34,180.19,32.7,13.9122,32.7,9116.36,32.7,9116.36,5108.56
-48.1781,-5121.23,178.994,32.8,13.8358,32.8,9128.86,32.8,9128.86,5121.46
-48.3683,-5134.09,177.809,32.9,13.7608,32.9,9141.23,32.9,9141.23,5134.31
-48.5584,-5146.91,176.634,33,13.687,33,9153.46,33,9153.46,5147.14
-48.7483,-5159.69,175.469,33.1,13.6145,33.1,9165.56,33.1,9165.56,5159.92
-48.938,-5172.44,174.315,33.2,13.5433,33.2,9177.53,33.2,9177.53,5172.67
-49.1276,-5185.16,173.17,33.3,13.4733,33.3,9189.37,33.3,9189.37,5185.39
-49.3171,-5197.83,172.036,33.4,13.4045,33.4,9201.08,33.4,9201.08,5198.07
-49.5064,-5210.48,170.911,33.5,13.3369,33.5,9212.66,33.5,9212.66,5210.71
-49.6956,-5223.09,169.796,33.6,13.2704,33.6,9224.11,33.6,9224.11,5223.33
-49.8846,-5235.67,168.691,33.7,13.205,33.7,9235.43,33.7,9235.43,5235.91
-50.0736,-5248.21,167.595,33.8,13.1408,33.8,9246.63,33.8,9246.63,5248.45
-50.2623,-5260.72,166.509,33.9,13.0777,33.9,9257.7,33.9,9257.7,5260.96
-50.451,-5273.2,165.432,34,13.0156,34,9268.64,34,9268.64,5273.44
-50.6395,-5285.65,164.365,34.1,12.9545,34.1,9279.45,34.1,9279.45,5285.89
-50.8279,-5298.06,163.308,34.2,12.8945,34.2,9290.14,34.2,9290.14,5298.31
-51.0162,-5310.45,162.259,34.3,12.8355,34.3,9300.71,34.3,9300.71,5310.69
-51.2044,-5322.8,161.22,34.4,12.7775,34.4,9311.14,34.4,9311.14,5323.05
-51.3924,-5335.12,160.19,34.5,12.7204,34.5,9321.46,34.5,9321.46,5335.37
-51.5803,-5347.41,159.17,34.6,12.6643,34.6,9331.65,34.6,9331.65,5347.66
-51.7681,-5359.67,158.158,34.7,12.6091,34.7,9341.72,34.7,9341.72,5359.92
-51.9558,-5371.9,157.156,34.8,12.5549,34.8,9351.67,34.8,9351.67,5372.15
-52.1434,-5384.1,156.162,34.9,12.5015,34.9,9361.49,34.9,9361.49,5384.35
-52.3308,-5396.27,155.178,35,12.449,35,9371.2,35,9371.2,5396.53
-52.5182,-5408.42,154.202,35.1,12.3974,35.1,9380.78,35.1,9380.78,5408.67
-52.7054,-5420.53,153.236,35.2,12.3466,35.2,9390.24,35.2,9390.24,5420.78
-52.8925,-5432.61,152.278,35.3,12.2967,35.3,9399.58,35.3,9399.58,5432.87
-53.0795,-5444.67,151.33,35.4,12.2475,35.4,9408.8,35.4,9408.8,5444.93
-53.2664,-5456.7,150.39,35.5,12.1992,35.5,9417.91,35.5,9417.91,5456.96
-53.4532,-5468.7,149.458,35.6,12.1517,35.6,9426.89,35.6,9426.89,5468.96
-53.64,-5480.67,148.536,35.7,12.1049,35.7,9435.75,35.7,9435.75,5480.94
-53.8265,-5492.62,147.623,35.8,12.0589,35.8,9444.5,35.8,9444.5,5492.88
-54.013,-5504.54,146.718,35.9,12.0136,35.9,9453.13,35.9,9453.13,5504.81
-54.1994,-5516.43,145.822,36,11.9691,36,9461.64,36,9461.64,5516.7
-54.3857,-5528.3,144.934,36.1,11.9252,36.1,9470.04,36.1,9470.04,5528.57
-54.5719,-5540.14,144.055,36.2,11.8821,36.2,9478.32,36.2,9478.32,5540.41
-54.758,-5551.96,143.185,36.3,11.8397,36.3,9486.48,36.3,9486.48,5552.23
-54.9441,-5563.74,142.324,36.4,11.7979,36.4,9494.53,36.4,9494.53,5564.02
-55.13,-5575.51,141.471,36.5,11.7569,36.5,9502.46,36.5,9502.46,5575.78
-55.3158,-5587.25,140.627,36.6,11.7164,36.6,9510.28,36.6,9510.28,5587.52
-55.5015,-5598.96,139.792,36.7,11.6767,36.7,9517.98,36.7,9517.98,5599.23
-55.6871,-5610.65,138.965,36.8,11.6375,36.8,9525.57,36.8,9525.57,5610.92
-55.8727,-5622.31,138.146,36.9,11.599,36.9,9533.05,36.9,9533.05,5622.59
-56.0581,-5633.95,137.337,37,11.5611,37,9540.41,37,9540.41,5634.23
-56.2435,-5645.57,136.536,37.1,11.5237,37.1,9547.66,37.1,9547.66,5645.85
-56.4288,-5657.16,135.744,37.2,11.487,37.2,9554.8,37.2,9554.8,5657.44
-56.614,-5668.73,134.96,37.3,11.4508,37.3,9561.82,37.3,9561.82,5669.01
-56.7991,-5680.27,134.185,37.4,11.4152,37.4,9568.73,37.4,9568.73,5680.56
-56.9841,-5691.8,133.418,37.5,11.3802,37.5,9575.53,37.5,9575.53,5692.08
-57.169,-5703.29,132.661,37.6,11.3457,37.6,9582.22,37.6,9582.22,5703.58
-57.3538,-5714.77,131.912,37.7,11.3118,37.7,9588.8,37.7,9588.8,5715.06
-57.5386,-5726.22,131.171,37.8,11.2784,37.8,9595.26,37.8,9595.26,5726.51
-57.7233,-5737.65,130.439,37.9,11.2454,37.9,9601.62,37.9,9601.62,5737.94
-57.9079,-5749.06,129.716,38,11.213,38,9607.87,38,9607.87,5749.35
-58.0924,-5760.45,129.002,38.1,11.1811,38.1,9614,38.1,9614,5760.74
-58.2768,-5771.81,128.296,38.2,11.1497,38.2,9620.03,38.2,9620.03,5772.11
-58.4611,-5783.16,127.6,38.3,11.1188,38.3,9625.95,38.3,9625.95,5783.45
-58.6454,-5794.48,126.912,38.4,11.0884,38.4,9631.75,38.4,9631.75,5794.77
-58.8296,-5805.78,126.232,38.5,11.0584,38.5,9637.45,38.5,9637.45,5806.08
-59.0136,-5817.06,125.562,38.6,11.0288,38.6,9643.04,38.6,9643.04,5817.36
-59.1977,-5828.31,124.9,38.7,10.9997,38.7,9648.52,38.7,9648.52,5828.61
-59.3816,-5839.55,124.247,38.8,10.9711,38.8,9653.9,38.8,9653.9,5839.85
-59.5655,-5850.77,123.603,38.9,10.9429,38.9,9659.17,38.9,9659.17,5851.07
-59.7492,-5861.96,122.968,39,10.9151,39,9664.32,39,9664.32,5862.27
-59.9329,-5873.14,122.342,39.1,10.8877,39.1,9669.38,39.1,9669.38,5873.44
-60.1165,-5884.29,121.725,39.2,10.8607,39.2,9674.32,39.2,9674.32,5884.6
-60.3001,-5895.43,121.117,39.3,10.8341,39.3,9679.16,39.3,9679.16,5895.74
-60.4835,-5906.54,120.517,39.4,10.8079,39.4,9683.89,39.4,9683.89,5906.85
-60.6669,-5917.64,119.927,39.5,10.7821,39.5,9688.52,39.5,9688.52,5917.95
-60.8502,-5928.71,119.346,39.6,10.7567,39.6,9693.04,39.6,9693.04,5929.03
-61.0334,-5939.77,118.774,39.7,10.7316,39.7,9697.45,39.7,9697.45,5940.08
-61.2166,-5950.81,118.211,39.8,10.7069,39.8,9701.76,39.8,9701.76,5951.12
-61.3996,-5961.82,117.657,39.9,10.6825,39.9,9705.96,39.9,9705.96,5962.14
-61.5826,-5972.82,117.112,40,10.6585,40,9710.06,40,9710.06,5973.14
-61.7655,-5983.8,116.577,40.1,10.6349,40.1,9714.05,40.1,9714.05,5984.12
-61.9483,-5994.76,116.05,40.2,10.6115,40.2,9717.94,40.2,9717.94,5995.08
-62.1311,-6005.7,115.533,40.3,10.5885,40.3,9721.72,40.3,9721.72,6006.03
-62.3138,-6016.63,115.026,40.4,10.5658,40.4,9725.4,40.4,9725.4,6016.95
-62.4963,-6027.53,114.527,40.5,10.5434,40.5,9728.98,40.5,9728.98,6027.86
-62.6788,-6038.42,114.038,40.6,10.5214,40.6,9732.45,40.6,9732.45,6038.74
-62.8613,-6049.29,113.558,40.7,10.4996,40.7,9735.81,40.7,9735.81,6049.61
-63.0436,-6060.14,113.088,40.8,10.4781,40.8,9739.08,40.8,9739.08,6060.47
-63.2259,-6070.97,112.627,40.9,10.4569,40.9,9742.24,40.9,9742.24,6071.3
-63.4081,-6081.78,112.175,41,10.436,41,9745.3,41,9745.3,6082.11
-63.5902,-6092.58,111.733,41.1,10.4153,41.1,9748.25,41.1,9748.25,6092.91
-63.7722,-6103.36,111.301,41.2,10.3949,41.2,9751.11,41.2,9751.11,6103.69
-63.9542,-6114.12,110.878,41.3,10.3748,41.3,9753.86,41.3,9753.86,6114.46
-64.136,-6124.87,110.465,41.4,10.3549,41.4,9756.5,41.4,9756.5,6125.2
-64.3178,-6135.59,110.061,41.5,10.3352,41.5,9759.05,41.5,9759.05,6135.93
-64.4995,-6146.3,109.667,41.6,10.3158,41.6,9761.49,41.6,9761.49,6146.64
-64.6811,-6156.99,109.282,41.7,10.2967,41.7,9763.84,41.7,9763.84,6157.33
-64.8627,-6167.67,108.907,41.8,10.2777,41.8,9766.08,41.8,9766.08,6168.01
-65.0441,-6178.33,108.542,41.9,10.259,41.9,9768.22,41.9,9768.22,6178.67
-65.2255,-6188.97,108.186,42,10.2405,42,9770.25,42,9770.25,6189.31
-65.4068,-6199.59,107.841,42.1,10.2222,42.1,9772.19,42.1,9772.19,6199.94
-65.5879,-6210.2,107.505,42.2,10.2041,42.2,9774.03,42.2,9774.03,6210.55
-65.7691,-6220.79,107.178,42.3,10.1862,42.3,9775.76,42.3,9775.76,6221.14
-65.9501,-6231.37,106.862,42.4,10.1685,42.4,9777.4,42.4,9777.4,6231.72
-66.131,-6241.93,106.555,42.5,10.151,42.5,9778.93,42.5,9778.93,6242.28
-66.3118,-6252.47,106.258,42.6,10.1336,42.6,9780.37,42.6,9780.37,6252.82
-66.4926,-6262.99,105.971,42.7,10.1165,42.7,9781.7,42.7,9781.7,6263.35
-66.6733,-6273.5,105.694,42.8,10.0994,42.8,9782.94,42.8,9782.94,6273.86
-66.8538,-6284,105.426,42.9,10.0826,42.9,9784.07,42.9,9784.07,6284.35
-67.0343,-6294.47,105.168,43,10.0659,43,9785.11,43,9785.11,6294.83
-67.2147,-6304.93,104.92,43.1,10.0494,43.1,9786.04,43.1,9786.04,6305.29
-67.395,-6315.38,104.682,43.2,10.033,43.2,9786.88,43.2,9786.88,6315.74
-67.5752,-6325.81,104.454,43.3,10.0167,43.3,9787.62,43.3,9787.62,6326.17
-67.7553,-6336.22,104.236,43.4,10.0006,43.4,9788.26,43.4,9788.26,6336.58
-67.9353,-6346.62,104.027,43.5,9.9846,43.5,9788.8,43.5,9788.8,6346.98
-68.1152,-6357,103.828,43.6,9.96873,43.6,9789.24,43.6,9789.24,6357.36
-68.2951,-6367.37,103.639,43.7,9.95297,43.7,9789.58,43.7,9789.58,6367.73
-68.4748,-6377.72,103.46,43.8,9.93732,43.8,9789.82,43.8,9789.82,6378.08
-68.6544,-6388.05,103.291,43.9,9.92178,43.9,9789.97,43.9,9789.97,6388.42
-68.8339,-6398.37,103.131,44,9.90634,44,9790.02,44,9790.02,6398.74
-69.0133,-6408.67,102.982,44.1,9.891,44.1,9789.97,44.1,9789.97,6409.05
-69.1926,-6418.96,102.841,44.2,9.87575,44.2,9789.82,44.2,9789.82,6419.34
-69.3719,-6429.24,102.711,44.3,9.86058,44.3,9789.58,44.3,9789.58,6429.61
-69.551,-6439.49,102.59,44.4,9.84549,44.4,9789.24,44.4,9789.24,6439.87
-69.73,-6449.74,102.479,44.5,9.83047,44.5,9788.8,44.5,9788.8,6450.11
-69.9088,-6459.96,102.378,44.6,9.81553,44.6,9788.26,44.6,9788.26,6460.34
-70.0876,-6470.17,102.286,44.7,9.80065,44.7,9787.63,44.7,9787.63,6470.55
-70.2663,-6480.37,102.204,44.8,9.78583,44.8,9786.9,44.8,9786.9,6480.75
-70.4448,-6490.55,102.131,44.9,9.77106,44.9,9786.07,44.9,9786.07,6490.93
-70.6233,-6500.72,102.068,45,9.75635,45,9785.15,45,9785.15,6501.1
-70.8016,-6510.87,102.014,45.1,9.74168,45.1,9784.13,45.1,9784.13,6511.26
-70.9798,-6521.01,101.97,45.2,9.72705,45.2,9783.01,45.2,9783.01,6521.39
-71.1579,-6531.13,101.935,45.3,9.71245,45.3,9781.8,45.3,9781.8,6531.52
-71.3359,-6541.23,101.909,45.4,9.69789,45.4,9780.49,45.4,9780.49,6541.62
-71.5138,-6551.33,101.892,45.5,9.68335,45.5,9779.09,45.5,9779.09,6551.72
-71.6915,-6561.4,101.885,45.6,9.66884,45.6,9777.59,45.6,9777.59,6561.79
-71.8691,-6571.46,101.887,45.7,9.65434,45.7,9776,45.7,9776,6571.86
-72.0466,-6581.51,101.898,45.8,9.63986,45.8,9774.3,45.8,9774.3,6581.9
-72.224,-6591.54,101.918,45.9,9.62539,45.9,9772.52,45.9,9772.52,6591.94
-72.4012,-6601.56,101.947,46,9.61092,46,9770.64,46,9770.64,6601.95
-72.5783,-6611.56,101.985,46.1,9.59645,46.1,9768.66,46.1,9768.66,6611.96
-72.7553,-6621.55,102.032,46.2,9.58197,46.2,9766.59,46.2,9766.59,6621.95
-72.9322,-6631.52,102.087,46.3,9.56749,46.3,9764.43,46.3,9764.43,6631.92
-73.1089,-6641.48,102.152,46.4,9.553,46.4,9762.17,46.4,9762.17,6641.88
-73.2855,-6651.42,102.225,46.5,9.53849,46.5,9759.81,46.5,9759.81,6651.82
-73.4619,-6661.34,102.306,46.6,9.52396,46.6,9757.37,46.6,9757.37,6661.75
-73.6382,-6671.26,102.396,46.7,9.50941,46.7,9754.82,46.7,9754.82,6671.66
-73.8144,-6681.16,102.494,46.8,9.49483,46.8,9752.19,46.8,9752.19,6681.56
-73.9904,-6691.04,102.601,46.9,9.48022,46.9,9749.46,46.9,9749.46,6691.45
-74.1663,-6700.91,102.716,47,9.46557,47,9746.63,47,9746.63,6701.32
-74.342,-6710.76,102.839,47.1,9.45089,47.1,9743.72,47.1,9743.72,6711.17
-74.5176,-6720.6,102.97,47.2,9.43616,47.2,9740.71,47.2,9740.71,6721.01
-74.693,-6730.42,103.11,47.3,9.42139,47.3,9737.6,47.3,9737.6,6730.84
-74.8683,-6740.23,103.257,47.4,9.40656,47.4,9734.41,47.4,9734.41,6740.65
-75.0435,-6750.03,103.412,47.5,9.39169,47.5,9731.12,47.5,9731.12,6750.44
-75.2184,-6759.8,103.574,47.6,9.37676,47.6,9727.73,47.6,9727.73,6760.22
-75.3933,-6769.57,103.744,47.7,9.36177,47.7,9724.26,47.7,9724.26,6769.99
-75.5679,-6779.32,103.922,47.8,9.34672,47.8,9720.69,47.8,9720.69,6779.74
-75.7424,-6789.05,104.108,47.9,9.33161,47.9,9717.03,47.9,9717.03,6789.48
-75.9168,-6798.77,104.3,48,9.31642,48,9713.28,48,9713.28,6799.2
-76.0909,-6808.48,104.5,48.1,9.30117,48.1,9709.44,48.1,9709.44,6808.9
-76.265,-6818.17,104.707,48.2,9.28584,48.2,9705.5,48.2,9705.5,6818.6
-76.4388,-6827.84,104.922,48.3,9.27043,48.3,9701.47,48.3,9701.47,6828.27
-76.6125,-6837.5,105.143,48.4,9.25495,48.4,9697.35,48.4,9697.35,6837.93
-76.786,-6847.15,105.371,48.5,9.23938,48.5,9693.14,48.5,9693.14,6847.58
-76.9593,-6856.78,105.606,48.6,9.22373,48.6,9688.84,48.6,9688.84,6857.21
-77.1325,-6866.4,105.847,48.7,9.20799,48.7,9684.45,48.7,9684.45,6866.83
-77.3054,-6876,106.095,48.8,9.19217,48.8,9679.97,48.8,9679.97,6876.43
-77.4782,-6885.58,106.35,48.9,9.17624,48.9,9675.39,48.9,9675.39,6886.02
-77.6508,-6895.15,106.611,49,9.16023,49,9670.73,49,9670.73,6895.59
-77.8233,-6904.71,106.878,49.1,9.14412,49.1,9665.98,49.1,9665.98,6905.15
-77.9955,-6914.25,107.151,49.2,9.12791,49.2,9661.13,49.2,9661.13,6914.69
-78.1676,-6923.77,107.431,49.3,9.1116,49.3,9656.2,49.3,9656.2,6924.21
-78.3394,-6933.28,107.716,49.4,9.09518,49.4,9651.17,49.4,9651.17,6933.73
-78.5111,-6942.78,108.007,49.5,9.07866,49.5,9646.06,49.5,9646.06,6943.22
-78.6826,-6952.26,108.304,49.6,9.06203,49.6,9640.85,49.6,9640.85,6952.7
-78.8538,-6961.72,108.607,49.7,9.0453,49.7,9635.56,49.7,9635.56,6962.17
-79.0249,-6971.17,108.915,49.8,9.02845,49.8,9630.18,49.8,9630.18,6971.62
-79.1958,-6980.61,109.229,49.9,9.01149,49.9,9624.71,49.9,9624.71,6981.06
-79.3665,-6990.02,109.548,50,8.99442,50,9619.15,50,9619.15,6990.48
-79.5369,-6999.43,109.873,50.1,8.97722,50.1,9613.5,50.1,9613.5,6999.88
-79.7072,-7008.82,110.202,50.2,8.95992,50.2,9607.76,50.2,9607.76,7009.27
-79.8772,-7018.19,110.537,50.3,8.94249,50.3,9601.93,50.3,9601.93,7018.64
-80.0471,-7027.55,110.876,50.4,8.92494,50.4,9596.02,50.4,9596.02,7028
-80.2167,-7036.89,111.221,50.5,8.90727,50.5,9590.02,50.5,9590.02,7037.35
-80.3861,-7046.21,111.57,50.6,8.88948,50.6,9583.93,50.6,9583.93,7046.67
-80.5553,-7055.53,111.923,50.7,8.87156,50.7,9577.75,50.7,9577.75,7055.98
-80.7243,-7064.82,112.282,50.8,8.85351,50.8,9571.49,50.8,9571.49,7065.28
-80.893,-7074.1,112.644,50.9,8.83534,50.9,9565.14,50.9,9565.14,7074.56
-81.0615,-7083.36,113.012,51,8.81704,51,9558.7,51,9558.7,7083.83
-81.2298,-7092.61,113.383,51.1,8.79861,51.1,9552.17,51.1,9552.17,7093.08
-81.3978,-7101.84,113.758,51.2,8.78005,51.2,9545.56,51.2,9545.56,7102.31
-81.5657,-7111.06,114.138,51.3,8.76135,51.3,9538.86,51.3,9538.86,7111.53
-81.7333,-7120.26,114.522,51.4,8.74253,51.4,9532.08,51.4,9532.08,7120.73
-81.9006,-7129.45,114.909,51.5,8.72357,51.5,9525.21,51.5,9525.21,7129.92
-82.0677,-7138.62,115.3,51.6,8.70448,51.6,9518.25,51.6,9518.25,7139.09
-82.2346,-7147.77,115.695,51.7,8.68525,51.7,9511.21,51.7,9511.21,7148.24
-82.4012,-7156.91,116.093,51.8,8.66588,51.8,9504.09,51.8,9504.09,7157.38
-82.5676,-7166.03,116.495,51.9,8.64638,51.9,9496.87,51.9,9496.87,7166.51
-82.7337,-7175.14,116.901,52,8.62675,52,9489.58,52,9489.58,7175.61
-82.8996,-7184.23,117.309,52.1,8.60697,52.1,9482.2,52.1,9482.2,7184.7
-83.0652,-7193.3,117.721,52.2,8.58706,52.2,9474.73,52.2,9474.73,7193.78
-83.2306,-7202.36,118.136,52.3,8.567,52.3,9467.18,52.3,9467.18,7202.84
-83.3957,-7211.4,118.554,52.4,8.54681,52.4,9459.54,52.4,9459.54,7211.88
-83.5605,-7220.42,118.975,52.5,8.52648,52.5,9451.83,52.5,9451.83,7220.91
-83.7251,-7229.43,119.399,52.6,8.50601,52.6,9444.02,52.6,9444.02,7229.91
-83.8894,-7238.42,119.826,52.7,8.48539,52.7,9436.14,52.7,9436.14,7238.91
-84.0535,-7247.4,120.255,52.8,8.46464,52.8,9428.17,52.8,9428.17,7247.89
-84.2173,-7256.36,120.687,52.9,8.44374,52.9,9420.12,52.9,9420.12,7256.85
-84.3808,-7265.3,121.121,53,8.42271,53,9411.98,53,9411.98,7265.79
-84.544,-7274.23,121.558,53.1,8.40153,53.1,9403.76,53.1,9403.76,7274.72
-84.707,-7283.14,121.997,53.2,8.38021,53.2,9395.46,53.2,9395.46,7283.63
-84.8696,-7292.03,122.439,53.3,8.35875,53.3,9387.08,53.3,9387.08,7292.52
-85.032,-7300.91,122.882,53.4,8.33714,53.4,9378.62,53.4,9378.62,7301.4
-85.1941,-7309.77,123.328,53.5,8.3154,53.5,9370.07,53.5,9370.07,7310.26
-85.356,-7318.61,123.776,53.6,8.29351,53.6,9361.45,53.6,9361.45,7319.11
-85.5175,-7327.43,124.225,53.7,8.27148,53.7,9352.74,53.7,9352.74,7327.93
-85.6787,-7336.24,124.677,53.8,8.24931,53.8,9343.95,53.8,9343.95,7336.74
-85.8397,-7345.04,125.13,53.9,8.227,53.9,9335.08,53.9,9335.08,7345.54
-86.0003,-7353.81,125.586,54,8.20455,54,9326.13,54,9326.13,7354.31
-86.1607,-7362.57,126.042,54.1,8.18195,54.1,9317.1,54.1,9317.1,7363.07
-86.3207,-7371.31,126.501,54.2,8.15921,54.2,9307.99,54.2,9307.99,7371.82
-86.4805,-7380.04,126.96,54.3,8.13634,54.3,9298.8,54.3,9298.8,7380.54
-86.6399,-7388.74,127.422,54.4,8.11332,54.4,9289.53,54.4,9289.53,7389.25
-86.7991,-7397.43,127.884,54.5,8.09016,54.5,9280.18,54.5,9280.18,7397.94
-86.9579,-7406.11,128.348,54.6,8.06686,54.6,9270.75,54.6,9270.75,7406.62
-87.1164,-7414.76,128.813,54.7,8.04342,54.7,9261.24,54.7,9261.24,7415.27
-87.2746,-7423.4,129.28,54.8,8.01985,54.8,9251.66,54.8,9251.66,7423.91
-87.4325,-7432.02,129.747,54.9,7.99613,54.9,9241.99,54.9,9241.99,7432.54
-87.5901,-7440.62,130.215,55,7.97228,55,9232.25,55,9232.25,7441.14
-87.7473,-7449.21,130.684,55.1,7.94829,55.1,9222.43,55.1,9222.43,7449.73
-87.9042,-7457.78,131.155,55.2,7.92416,55.2,9212.53,55.2,9212.53,7458.3
-88.0608,-7466.33,131.626,55.3,7.89989,55.3,9202.56,55.3,9202.56,7466.85
-88.2171,-7474.86,132.097,55.4,7.87549,55.4,9192.51,55.4,9192.51,7475.38
-88.373,-7483.38,132.57,55.5,7.85095,55.5,9182.38,55.5,9182.38,7483.9
-88.5286,-7491.88,133.043,55.6,7.82628,55.6,9172.17,55.6,9172.17,7492.4
-88.6839,-7500.36,133.516,55.7,7.80147,55.7,9161.89,55.7,9161.89,7500.88
-88.8388,-7508.82,133.99,55.8,7.77653,55.8,9151.53,55.8,9151.53,7509.34
-88.9934,-7517.26,134.465,55.9,7.75146,55.9,9141.1,55.9,9141.1,7517.79
-89.1476,-7525.69,134.94,56,7.72626,56,9130.59,56,9130.59,7526.22
-89.3015,-7534.1,135.415,56.1,7.70092,56.1,9120.01,56.1,9120.01,7534.63
-89.4551,-7542.49,135.891,56.2,7.67545,56.2,9109.35,56.2,9109.35,7543.02
-89.6083,-7550.86,136.366,56.3,7.64986,56.3,9098.62,56.3,9098.62,7551.39
-89.7611,-7559.21,136.842,56.4,7.62413,56.4,9087.81,56.4,9087.81,7559.75
-89.9136,-7567.55,137.318,56.5,7.59828,56.5,9076.93,56.5,9076.93,7568.08
-90.0658,-7575.87,137.794,56.6,7.5723,56.6,9065.98,56.6,9065.98,7576.4
-90.2176,-7584.17,138.27,56.7,7.54619,56.7,9054.95,56.7,9054.95,7584.7
-90.369,-7592.45,138.746,56.8,7.51996,56.8,9043.85,56.8,9043.85,7592.99
-90.52,-7600.71,139.222,56.9,7.4936,56.9,9032.67,56.9,9032.67,7601.25
-90.6707,-7608.96,139.697,57,7.46713,57,9021.42,57,9021.42,7609.5
-90.8211,-7617.18,140.173,57.1,7.44052,57.1,9010.11,57.1,9010.11,7617.72
-90.971,-7625.39,140.648,57.2,7.4138,57.2,8998.71,57.2,8998.71,7625.93
-91.1206,-7633.58,141.123,57.3,7.38696,57.3,8987.25,57.3,8987.25,7634.12
-91.2699,-7641.75,141.597,57.4,7.36,57.4,8975.72,57.4,8975.72,7642.29
-91.4187,-7649.9,142.071,57.5,7.33292,57.5,8964.11,57.5,8964.11,7650.45
-91.5672,-7658.03,142.545,57.6,7.30572,57.6,8952.43,57.6,8952.43,7658.58
-91.7153,-7666.15,143.018,57.7,7.27841,57.7,8940.68,57.7,8940.68,7666.7
-91.863,-7674.24,143.49,57.8,7.25098,57.8,8928.87,57.8,8928.87,7674.79
-92.0103,-7682.32,143.962,57.9,7.22344,57.9,8916.98,57.9,8916.98,7682.87
-92.1572,-7690.38,144.434,58,7.19578,58,8905.02,58,8905.02,7690.93
-92.3038,-7698.42,144.904,58.1,7.16802,58.1,8892.99,58.1,8892.99,7698.97
-92.45,-7706.44,145.374,58.2,7.14014,58.2,8880.9,58.2,8880.9,7706.99
-92.5957,-7714.44,145.843,58.3,7.11216,58.3,8868.73,58.3,8868.73,7714.99
-92.7411,-7722.42,146.311,58.4,7.08407,58.4,8856.5,58.4,8856.5,7722.97
-92.8861,-7730.38,146.778,58.5,7.05587,58.5,8844.2,58.5,8844.2,7730.94
-93.0307,-7738.32,147.245,58.6,7.02757,58.6,8831.83,58.6,8831.83,7738.88
-93.1749,-7746.25,147.71,58.7,6.99917,58.7,8819.39,58.7,8819.39,7746.81
-93.3187,-7754.15,148.175,58.8,6.97066,58.8,8806.89,58.8,8806.89,7754.71
-93.462,-7762.04,148.638,58.9,6.94206,58.9,8794.32,58.9,8794.32,7762.6
-93.605,-7769.9,149.101,59,6.91335,59,8781.68,59,8781.68,7770.47
-93.7476,-7777.75,149.562,59.1,6.88455,59.1,8768.97,59.1,8768.97,7778.32
-93.8897,-7785.58,150.022,59.2,6.85564,59.2,8756.2,59.2,8756.2,7786.15
-94.0315,-7793.39,150.481,59.3,6.82665,59.3,8743.37,59.3,8743.37,7793.95
-94.1728,-7801.18,150.939,59.4,6.79756,59.4,8730.46,59.4,8730.46,7801.74
-94.3137,-7808.95,151.395,59.5,6.76838,59.5,8717.5,59.5,8717.5,7809.51
-94.4543,-7816.69,151.85,59.6,6.73911,59.6,8704.47,59.6,8704.47,7817.27
-94.5943,-7824.42,152.304,59.7,6.70975,59.7,8691.37,59.7,8691.37,7825
-94.734,-7832.13,152.757,59.8,6.6803,59.8,8678.21,59.8,8678.21,7832.71
-94.8732,-7839.83,153.208,59.9,6.65076,59.9,8664.99,59.9,8664.99,7840.4
-95.0121,-7847.5,153.657,60,6.62114,60,8651.7,60,8651.7,7848.07
-95.1505,-7855.15,154.106,60.1,6.59144,60.1,8638.35,60.1,8638.35,7855.72
-95.2884,-7862.78,154.552,60.2,6.56166,60.2,8624.93,60.2,8624.93,7863.36
-95.426,-7870.39,154.997,60.3,6.5318,60.3,8611.46,60.3,8611.46,7870.97
-95.5631,-7877.98,155.441,60.4,6.50186,60.4,8597.92,60.4,8597.92,7878.56
-95.6997,-7885.55,155.883,60.5,6.47184,60.5,8584.32,60.5,8584.32,7886.13
-95.836,-7893.1,156.324,60.6,6.44175,60.6,8570.66,60.6,8570.66,7893.68
-95.9718,-7900.63,156.762,60.7,6.41158,60.7,8556.94,60.7,8556.94,7901.22
-96.1071,-7908.15,157.199,60.8,6.38135,60.8,8543.15,60.8,8543.15,7908.73
-96.2421,-7915.64,157.635,60.9,6.35104,60.9,8529.31,60.9,8529.31,7916.22
-96.3766,-7923.11,158.069,61,6.32067,61,8515.4,61,8515.4,7923.69
-96.5106,-7930.56,158.5,61.1,6.29022,61.1,8501.44,61.1,8501.44,7931.15
-96.6442,-7937.99,158.93,61.2,6.25972,61.2,8487.41,61.2,8487.41,7938.58
-96.7773,-7945.4,159.359,61.3,6.22915,61.3,8473.33,61.3,8473.33,7945.99
-96.9101,-7952.79,159.785,61.4,6.19852,61.4,8459.19,61.4,8459.19,7953.38
-97.0423,-7960.16,160.21,61.5,6.16783,61.5,8444.99,61.5,8444.99,7960.75
-97.1741,-7967.51,160.632,61.6,6.13709,61.6,8430.73,61.6,8430.73,7968.1
-97.3055,-7974.84,161.053,61.7,6.10629,61.7,8416.41,61.7,8416.41,7975.43
-97.4364,-7982.15,161.472,61.8,6.07543,61.8,8402.04,61.8,8402.04,7982.74
-97.5668,-7989.43,161.889,61.9,6.04452,61.9,8387.61,61.9,8387.61,7990.03
-97.6968,-7996.7,162.304,62,6.01357,62,8373.12,62,8373.12,7997.3
-97.8263,-8003.95,162.716,62.1,5.98256,62.1,8358.57,62.1,8358.57,8004.55
-97.9554,-8011.18,163.127,62.2,5.95151,62.2,8343.97,62.2,8343.97,8011.78
-98.084,-8018.38,163.536,62.3,5.92041,62.3,8329.31,62.3,8329.31,8018.98
-98.2121,-8025.57,163.943,62.4,5.88927,62.4,8314.6,62.4,8314.6,8026.17
-98.3398,-8032.73,164.347,62.5,5.85809,62.5,8299.83,62.5,8299.83,8033.33
-98.467,-8039.88,164.749,62.6,5.82687,62.6,8285.01,62.6,8285.01,8040.48
-98.5938,-8047,165.15,62.7,5.79562,62.7,8270.13,62.7,8270.13,8047.6
-98.72,-8054.1,165.548,62.8,5.76433,62.8,8255.2,62.8,8255.2,8054.71
-98.8459,-8061.19,165.943,62.9,5.733,62.9,8240.22,62.9,8240.22,8061.79
-98.9712,-8068.25,166.337,63,5.70165,63,8225.18,63,8225.18,8068.85
-99.0961,-8075.29,166.728,63.1,5.67026,63.1,8210.09,63.1,8210.09,8075.89
-99.2205,-8082.31,167.118,63.2,5.63885,63.2,8194.94,63.2,8194.94,8082.92
-99.3444,-8089.31,167.504,63.3,5.60742,63.3,8179.75,63.3,8179.75,8089.92
-99.4678,-8096.28,167.889,63.4,5.57596,63.4,8164.5,63.4,8164.5,8096.89
-99.5908,-8103.24,168.271,63.5,5.54448,63.5,8149.2,63.5,8149.2,8103.85
-99.7133,-8110.18,168.651,63.6,5.51298,63.6,8133.85,63.6,8133.85,8110.79
-99.8353,-8117.09,169.029,63.7,5.48146,63.7,8118.44,63.7,8118.44,8117.7
-99.9568,-8123.98,169.404,63.8,5.44993,63.8,8102.99,63.8,8102.99,8124.6
-100.078,-8130.86,169.777,63.9,5.41839,63.9,8087.49,63.9,8087.49,8131.47
-100.198,-8137.71,170.147,64,5.38683,64,8071.93,64,8071.93,8138.33
-100.319,-8144.54,170.515,64.1,5.35527,64.1,8056.33,64.1,8056.33,8145.16
-100.438,-8151.35,170.881,64.2,5.3237,64.2,8040.68,64.2,8040.68,8151.97
-100.557,-8158.14,171.244,64.3,5.29212,64.3,8024.98,64.3,8024.98,8158.76
-100.676,-8164.91,171.605,64.4,5.26055,64.4,8009.23,64.4,8009.23,8165.53
-100.794,-8171.65,171.963,64.5,5.22897,64.5,7993.43,64.5,7993.43,8172.28
-100.912,-8178.38,172.319,64.6,5.19739,64.6,7977.58,64.6,7977.58,8179
-101.029,-8185.08,172.672,64.7,5.16582,64.7,7961.69,64.7,7961.69,8185.71
-101.145,-8191.77,173.023,64.8,5.13426,64.8,7945.75,64.8,7945.75,8192.39
-101.262,-8198.43,173.371,64.9,5.1027,64.9,7929.76,64.9,7929.76,8199.05
-101.377,-8205.07,173.717,65,5.07116,65,7913.73,65,7913.73,8205.69
-101.492,-8211.69,174.06,65.1,5.03962,65.1,7897.65,65.1,7897.65,8212.31
-101.607,-8218.29,174.401,65.2,5.0081,65.2,7881.53,65.2,7881.53,8218.91
-101.721,-8224.86,174.739,65.3,4.9766,65.3,7865.36,65.3,7865.36,8225.49
-101.835,-8231.42,175.074,65.4,4.94512,65.4,7849.14,65.4,7849.14,8232.05
-101.948,-8237.95,175.407,65.5,4.91366,65.5,7832.88,65.5,7832.88,8238.58
-102.061,-8244.46,175.737,65.6,4.88222,65.6,7816.58,65.6,7816.58,8245.1
-102.173,-8250.96,176.065,65.7,4.85081,65.7,7800.23,65.7,7800.23,8251.59
-102.285,-8257.43,176.39,65.8,4.81943,65.8,7783.84,65.8,7783.84,8258.06
-102.396,-8263.87,176.712,65.9,4.78808,65.9,7767.4,65.9,7767.4,8264.51
-102.507,-8270.3,177.032,66,4.75676,66,7750.92,66,7750.92,8270.94
-102.617,-8276.71,177.349,66.1,4.72547,66.1,7734.4,66.1,7734.4,8277.34
-102.727,-8283.09,177.663,66.2,4.69423,66.2,7717.84,66.2,7717.84,8283.73
-102.836,-8289.46,177.975,66.3,4.66302,66.3,7701.24,66.3,7701.24,8290.09
-102.945,-8295.8,178.284,66.4,4.63185,66.4,7684.59,66.4,7684.59,8296.44
-103.053,-8302.12,178.59,66.5,4.60073,66.5,7667.9,66.5,7667.9,8302.76
-103.16,-8308.42,178.894,66.6,4.56966,66.6,7651.18,66.6,7651.18,8309.06
-103.268,-8314.69,179.195,66.7,4.53863,66.7,7634.41,66.7,7634.41,8315.34
-103.374,-8320.95,179.493,66.8,4.50766,66.8,7617.6,66.8,7617.6,8321.59
-103.481,-8327.18,179.789,66.9,4.47674,66.9,7600.75,66.9,7600.75,8327.83
-103.586,-8333.4,180.081,67,4.44587,67,7583.87,67,7583.87,8334.04
-103.691,-8339.59,180.372,67.1,4.41506,67.1,7566.94,67.1,7566.94,8340.23
-103.796,-8345.76,180.659,67.2,4.38432,67.2,7549.98,67.2,7549.98,8346.4
-103.9,-8351.91,180.943,67.3,4.35363,67.3,7532.98,67.3,7532.98,8352.55
-104.004,-8358.03,181.225,67.4,4.32301,67.4,7515.94,67.4,7515.94,8358.68
-104.107,-8364.14,181.504,67.5,4.29246,67.5,7498.86,67.5,7498.86,8364.79
-104.209,-8370.22,181.781,67.6,4.26198,67.6,7481.74,67.6,7481.74,8370.87
-104.312,-8376.29,182.054,67.7,4.23157,67.7,7464.59,67.7,7464.59,8376.94
-104.413,-8382.33,182.325,67.8,4.20123,67.8,7447.4,67.8,7447.4,8382.98
-104.514,-8388.35,182.593,67.9,4.17098,67.9,7430.18,67.9,7430.18,8389
-104.615,-8394.35,182.858,68,4.1408,68,7412.92,68,7412.92,8395
-104.715,-8400.32,183.121,68.1,4.1107,68.1,7395.62,68.1,7395.62,8400.98
-104.814,-8406.28,183.38,68.2,4.08069,68.2,7378.29,68.2,7378.29,8406.93
-104.913,-8412.21,183.637,68.3,4.05077,68.3,7360.93,68.3,7360.93,8412.87
-105.012,-8418.12,183.891,68.4,4.02093,68.4,7343.53,68.4,7343.53,8418.78
-105.11,-8424.01,184.143,68.5,3.99119,68.5,7326.1,68.5,7326.1,8424.67
-105.207,-8429.88,184.391,68.6,3.96154,68.6,7308.63,68.6,7308.63,8430.54
-105.304,-8435.73,184.637,68.7,3.93198,68.7,7291.13,68.7,7291.13,8436.39
-105.401,-8441.56,184.88,68.8,3.90253,68.8,7273.6,68.8,7273.6,8442.21
-105.497,-8447.36,185.12,68.9,3.87318,68.9,7256.03,68.9,7256.03,8448.02
-105.592,-8453.14,185.358,69,3.84393,69,7238.43,69,7238.43,8453.8
-105.687,-8458.91,185.592,69.1,3.81479,69.1,7220.8,69.1,7220.8,8459.57
-105.781,-8464.65,185.824,69.2,3.78575,69.2,7203.14,69.2,7203.14,8465.31
-105.875,-8470.36,186.053,69.3,3.75683,69.3,7185.45,69.3,7185.45,8471.03
-105.969,-8476.06,186.279,69.4,3.72803,69.4,7167.73,69.4,7167.73,8476.72
-106.061,-8481.74,186.502,69.5,3.69933,69.5,7149.97,69.5,7149.97,8482.4
-106.154,-8487.39,186.723,69.6,3.67076,69.6,7132.19,69.6,7132.19,8488.06
-106.246,-8493.02,186.941,69.7,3.64231,69.7,7114.38,69.7,7114.38,8493.69
-106.337,-8498.64,187.156,69.8,3.61398,69.8,7096.53,69.8,7096.53,8499.3
-106.428,-8504.23,187.368,69.9,3.58578,69.9,7078.66,69.9,7078.66,8504.89
-106.518,-8509.79,187.577,70,3.55771,70,7060.76,70,7060.76,8510.46
-106.608,-8515.34,187.784,70.1,3.52977,70.1,7042.83,70.1,7042.83,8516.01
-106.697,-8520.87,187.988,70.2,3.50197,70.2,7024.87,70.2,7024.87,8521.54
-106.786,-8526.37,188.189,70.3,3.4743,70.3,7006.89,70.3,7006.89,8527.04
-106.874,-8531.86,188.387,70.4,3.44677,70.4,6988.87,70.4,6988.87,8532.52
-106.962,-8537.32,188.582,70.5,3.41938,70.5,6970.84,70.5,6970.84,8537.99
-107.049,-8542.76,188.775,70.6,3.39214,70.6,6952.77,70.6,6952.77,8543.43
-107.136,-8548.18,188.965,70.7,3.36504,70.7,6934.68,70.7,6934.68,8548.85
-107.222,-8553.57,189.152,70.8,3.3381,70.8,6916.56,70.8,6916.56,8554.25
-107.307,-8558.95,189.336,70.9,3.3113,70.9,6898.41,70.9,6898.41,8559.62
-107.393,-8564.31,189.518,71,3.28466,71,6880.24,71,6880.24,8564.98
-107.477,-8569.64,189.696,71.1,3.25818,71.1,6862.05,71.1,6862.05,8570.31
-107.561,-8574.95,189.872,71.2,3.23186,71.2,6843.83,71.2,6843.83,8575.63
-107.645,-8580.24,190.045,71.3,3.2057,71.3,6825.58,71.3,6825.58,8580.92
-107.728,-8585.51,190.216,71.4,3.1797,71.4,6807.32,71.4,6807.32,8586.19
-107.811,-8590.76,190.384,71.5,3.15387,71.5,6789.03,71.5,6789.03,8591.44
-107.893,-8595.99,190.549,71.6,3.12822,71.6,6770.71,71.6,6770.71,8596.67
-107.974,-8601.2,190.711,71.7,3.10273,71.7,6752.37,71.7,6752.37,8601.88
-108.055,-8606.38,190.87,71.8,3.07742,71.8,6734.01,71.8,6734.01,8607.06
-108.136,-8611.55,191.027,71.9,3.05229,71.9,6715.63,71.9,6715.63,8612.23
-108.216,-8616.69,191.181,72,3.02734,72,6697.22,72,6697.22,8617.37
-108.295,-8621.81,191.333,72.1,3.00257,72.1,6678.8,72.1,6678.8,8622.49
-108.374,-8626.91,191.481,72.2,2.97799,72.2,6660.35,72.2,6660.35,8627.6
-108.453,-8631.99,191.627,72.3,2.95359,72.3,6641.88,72.3,6641.88,8632.68
-108.531,-8637.05,191.77,72.4,2.92939,72.4,6623.39,72.4,6623.39,8637.74
-108.608,-8642.09,191.911,72.5,2.90538,72.5,6604.88,72.5,6604.88,8642.77
-108.685,-8647.11,192.048,72.6,2.88156,72.6,6586.35,72.6,6586.35,8647.79
-108.762,-8652.11,192.184,72.7,2.85795,72.7,6567.8,72.7,6567.8,8652.79
-108.838,-8657.08,192.316,72.8,2.83453,72.8,6549.23,72.8,6549.23,8657.77
-108.913,-8662.04,192.446,72.9,2.81132,72.9,6530.64,72.9,6530.64,8662.72
-108.988,-8666.97,192.573,73,2.78832,73,6512.03,73,6512.03,8667.65
-109.062,-8671.88,192.697,73.1,2.76552,73.1,6493.4,73.1,6493.4,8672.57
-109.136,-8676.77,192.819,73.2,2.74294,73.2,6474.76,73.2,6474.76,8677.46
-109.21,-8681.65,192.938,73.3,2.72057,73.3,6456.1,73.3,6456.1,8682.33
-109.283,-8686.5,193.055,73.4,2.69841,73.4,6437.42,73.4,6437.42,8687.18
-109.355,-8691.33,193.169,73.5,2.67648,73.5,6418.72,73.5,6418.72,8692.01
-109.427,-8696.13,193.28,73.6,2.65476,73.6,6400,73.6,6400,8696.82
-109.499,-8700.92,193.388,73.7,2.63327,73.7,6381.27,73.7,6381.27,8701.61
-109.569,-8705.69,193.494,73.8,2.612,73.8,6362.53,73.8,6362.53,8706.38
-109.64,-8710.44,193.598,73.9,2.59096,73.9,6343.76,73.9,6343.76,8711.13
-109.71,-8715.16,193.699,74,2.57016,74,6324.98,74,6324.98,8715.85
-109.779,-8719.87,193.797,74.1,2.54958,74.1,6306.19,74.1,6306.19,8720.56
-109.848,-8724.56,193.893,74.2,2.52924,74.2,6287.38,74.2,6287.38,8725.25
-109.917,-8729.22,193.986,74.3,2.50914,74.3,6268.55,74.3,6268.55,8729.91
-109.985,-8733.86,194.077,74.4,2.48928,74.4,6249.72,74.4,6249.72,8734.56
-110.052,-8738.49,194.165,74.5,2.46966,74.5,6230.86,74.5,6230.86,8739.18
-110.119,-8743.09,194.25,74.6,2.45029,74.6,6212,74.6,6212,8743.79
-110.185,-8747.68,194.333,74.7,2.43116,74.7,6193.11,74.7,6193.11,8748.37
-110.251,-8752.24,194.414,74.8,2.41228,74.8,6174.22,74.8,6174.22,8752.93
-110.317,-8756.78,194.492,74.9,2.39365,74.9,6155.31,74.9,6155.31,8757.48
-110.382,-8761.3,194.567,75,2.37527,75,6136.39,75,6136.39,8762
-110.446,-8765.81,194.64,75.1,2.35715,75.1,6117.46,75.1,6117.46,8766.5
-110.51,-8770.29,194.711,75.2,2.33928,75.2,6098.52,75.2,6098.52,8770.98
-110.574,-8774.75,194.779,75.3,2.32168,75.3,6079.56,75.3,6079.56,8775.45
-110.637,-8779.19,194.844,75.4,2.30433,75.4,6060.59,75.4,6060.59,8779.89
-110.699,-8783.61,194.908,75.5,2.28724,75.5,6041.61,75.5,6041.61,8784.31
-110.762,-8788.02,194.968,75.6,2.27042,75.6,6022.62,75.6,6022.62,8788.71
-110.823,-8792.4,195.027,75.7,2.25386,75.7,6003.62,75.7,6003.62,8793.1
-110.884,-8796.76,195.083,75.8,2.23757,75.8,5984.61,75.8,5984.61,8797.46
-110.945,-8801.1,195.136,75.9,2.22155,75.9,5965.59,75.9,5965.59,8801.8
-111.005,-8805.42,195.187,76,2.2058,76,5946.56,76,5946.56,8806.12
-111.065,-8809.72,195.236,76.1,2.19032,76.1,5927.52,76.1,5927.52,8810.42
-111.124,-8814.01,195.282,76.2,2.17511,76.2,5908.47,76.2,5908.47,8814.71
-111.183,-8818.27,195.326,76.3,2.16017,76.3,5889.41,76.3,5889.41,8818.97
-111.241,-8822.51,195.368,76.4,2.14551,76.4,5870.34,76.4,5870.34,8823.21
-111.298,-8826.74,195.407,76.5,2.13113,76.5,5851.26,76.5,5851.26,8827.44
-111.356,-8830.94,195.444,76.6,2.11702,76.6,5832.18,76.6,5832.18,8831.64
-111.413,-8835.12,195.479,76.7,2.10318,76.7,5813.08,76.7,5813.08,8835.82
-111.469,-8839.29,195.512,76.8,2.08963,76.8,5793.98,76.8,5793.98,8839.99
-111.525,-8843.43,195.542,76.9,2.07635,76.9,5774.87,76.9,5774.87,8844.13
-111.58,-8847.56,195.57,77,2.06336,77,5755.76,77,5755.76,8848.26
-111.635,-8851.66,195.595,77.1,2.05064,77.1,5736.64,77.1,5736.64,8852.37
-111.689,-8855.75,195.619,77.2,2.0382,77.2,5717.51,77.2,5717.51,8856.45
-111.743,-8859.82,195.64,77.3,2.02604,77.3,5698.37,77.3,5698.37,8860.52
-111.797,-8863.86,195.659,77.4,2.01416,77.4,5679.23,77.4,5679.23,8864.57
-111.85,-8867.89,195.675,77.5,2.00257,77.5,5660.08,77.5,5660.08,8868.6
-111.903,-8871.9,195.69,77.6,1.99125,77.6,5640.93,77.6,5640.93,8872.61
-111.955,-8875.89,195.702,77.7,1.98021,77.7,5621.77,77.7,5621.77,8876.6
-112.006,-8879.86,195.712,77.8,1.96945,77.8,5602.61,77.8,5602.61,8880.57
-112.058,-8883.82,195.72,77.9,1.95897,77.9,5583.44,77.9,5583.44,8884.52
-112.108,-8887.75,195.726,78,1.94877,78,5564.26,78,5564.26,8888.46
-112.159,-8891.66,195.73,78.1,1.93884,78.1,5545.09,78.1,5545.09,8892.37
-112.208,-8895.56,195.731,78.2,1.92919,78.2,5525.91,78.2,5525.91,8896.26
-112.258,-8899.43,195.731,78.3,1.91982,78.3,5506.72,78.3,5506.72,8900.14
-112.307,-8903.29,195.728,78.4,1.91072,78.4,5487.53,78.4,5487.53,8904
-112.355,-8907.13,195.723,78.5,1.90189,78.5,5468.34,78.5,5468.34,8907.84
-112.403,-8910.95,195.717,78.6,1.89333,78.6,5449.14,78.6,5449.14,8911.66
-112.451,-8914.75,195.708,78.7,1.88505,78.7,5429.94,78.7,5429.94,8915.46
-112.498,-8918.53,195.697,78.8,1.87703,78.8,5410.74,78.8,5410.74,8919.24
-112.545,-8922.3,195.684,78.9,1.86928,78.9,5391.54,78.9,5391.54,8923.01
-112.591,-8926.04,195.669,79,1.86179,79,5372.33,79,5372.33,8926.75
-112.637,-8929.77,195.652,79.1,1.85457,79.1,5353.13,79.1,5353.13,8930.48
-112.682,-8933.48,195.633,79.2,1.8476,79.2,5333.92,79.2,5333.92,8934.19
-112.727,-8937.17,195.612,79.3,1.8409,79.3,5314.71,79.3,5314.71,8937.88
-112.771,-8940.84,195.589,79.4,1.83445,79.4,5295.49,79.4,5295.49,8941.55
-112.815,-8944.49,195.564,79.5,1.82825,79.5,5276.28,79.5,5276.28,8945.2
-112.859,-8948.13,195.538,79.6,1.82231,79.6,5257.06,79.6,5257.06,8948.84
-112.902,-8951.74,195.509,79.7,1.81661,79.7,5237.85,79.7,5237.85,8952.45
-112.945,-8955.34,195.478,79.8,1.81116,79.8,5218.63,79.8,5218.63,8956.05
-112.987,-8958.92,195.446,79.9,1.80595,79.9,5199.42,79.9,5199.42,8959.63
-113.029,-8962.48,195.411,80,1.80098,80,5180.2,80,5180.2,8963.2
-113.07,-8966.03,195.375,80.1,1.79624,80.1,5160.99,80.1,5160.99,8966.74
-113.111,-8969.55,195.337,80.2,1.79174,80.2,5141.77,80.2,5141.77,8970.27
-113.152,-8973.06,195.297,80.3,1.78747,80.3,5122.56,80.3,5122.56,8973.78
-113.192,-8976.55,195.255,80.4,1.78343,80.4,5103.35,80.4,5103.35,8977.27
-113.232,-8980.03,195.211,80.5,1.7796,80.5,5084.14,80.5,5084.14,8980.74
-113.271,-8983.48,195.166,80.6,1.776,80.6,5064.92,80.6,5064.92,8984.2
-113.31,-8986.92,195.118,80.7,1.77261,80.7,5045.72,80.7,5045.72,8987.63
-113.349,-8990.34,195.069,80.8,1.76943,80.8,5026.51,80.8,5026.51,8991.05
-113.387,-8993.74,195.019,80.9,1.76647,80.9,5007.3,80.9,5007.3,8994.46
-113.424,-8997.13,194.966,81,1.7637,81,4988.1,81,4988.1,8997.84
-113.461,-9000.49,194.912,81.1,1.76114,81.1,4968.9,81.1,4968.9,9001.21
-113.498,-9003.84,194.856,81.2,1.75877,81.2,4949.7,81.2,4949.7,9004.56
-113.535,-9007.18,194.798,81.3,1.75659,81.3,4930.5,81.3,4930.5,9007.89
-113.571,-9010.49,194.739,81.4,1.75461,81.4,4911.31,81.4,4911.31,9011.21
-113.606,-9013.79,194.678,81.5,1.75281,81.5,4892.12,81.5,4892.12,9014.5
-113.641,-9017.07,194.615,81.6,1.75118,81.6,4872.94,81.6,4872.94,9017.79
-113.676,-9020.33,194.55,81.7,1.74974,81.7,4853.75,81.7,4853.75,9021.05
-113.71,-9023.58,194.484,81.8,1.74846,81.8,4834.57,81.8,4834.57,9024.3
-113.744,-9026.81,194.417,81.9,1.74736,81.9,4815.4,81.9,4815.4,9027.53
-113.778,-9030.02,194.347,82,1.74642,82,4796.23,82,4796.23,9030.74
-113.811,-9033.22,194.276,82.1,1.74564,82.1,4777.06,82.1,4777.06,9033.93
-113.844,-9036.4,194.204,82.2,1.74501,82.2,4757.9,82.2,4757.9,9037.11
-113.876,-9039.56,194.13,82.3,1.74453,82.3,4738.74,82.3,4738.74,9040.27
-113.908,-9042.7,194.054,82.4,1.7442,82.4,4719.59,82.4,4719.59,9043.42
-113.94,-9045.83,193.977,82.5,1.74402,82.5,4700.44,82.5,4700.44,9046.55
-113.971,-9048.94,193.898,82.6,1.74397,82.6,4681.3,82.6,4681.3,9049.66
-114.002,-9052.04,193.818,82.7,1.74406,82.7,4662.16,82.7,4662.16,9052.76
-114.032,-9055.12,193.737,82.8,1.74428,82.8,4643.03,82.8,4643.03,9055.83
-114.062,-9058.18,193.653,82.9,1.74462,82.9,4623.9,82.9,4623.9,9058.9
-114.092,-9061.22,193.569,83,1.74509,83,4604.78,83,4604.78,9061.94
-114.121,-9064.25,193.483,83.1,1.74568,83.1,4585.67,83.1,4585.67,9064.97
-114.15,-9067.27,193.395,83.2,1.74638,83.2,4566.56,83.2,4566.56,9067.98
-114.178,-9070.26,193.306,83.3,1.74719,83.3,4547.46,83.3,4547.46,9070.98
-114.206,-9073.24,193.216,83.4,1.74811,83.4,4528.37,83.4,4528.37,9073.96
-114.234,-9076.21,193.124,83.5,1.74913,83.5,4509.28,83.5,4509.28,9076.93
-114.261,-9079.16,193.03,83.6,1.75024,83.6,4490.2,83.6,4490.2,9079.88
-114.288,-9082.09,192.936,83.7,1.75146,83.7,4471.12,83.7,4471.12,9082.81
-114.315,-9085,192.84,83.8,1.75276,83.8,4452.06,83.8,4452.06,9085.72
-114.341,-9087.91,192.742,83.9,1.75415,83.9,4433,83.9,4433,9088.62
-114.367,-9090.79,192.644,84,1.75563,84,4413.94,84,4413.94,9091.51
-114.392,-9093.66,192.544,84.1,1.75718,84.1,4394.9,84.1,4394.9,9094.38
-114.417,-9096.51,192.442,84.2,1.75882,84.2,4375.86,84.2,4375.86,9097.23
-114.442,-9099.35,192.34,84.3,1.76052,84.3,4356.83,84.3,4356.83,9100.07
-114.466,-9102.17,192.236,84.4,1.7623,84.4,4337.81,84.4,4337.81,9102.89
-114.49,-9104.98,192.131,84.5,1.76414,84.5,4318.8,84.5,4318.8,9105.7
-114.514,-9107.77,192.024,84.6,1.76604,84.6,4299.8,84.6,4299.8,9108.49
-114.537,-9110.54,191.917,84.7,1.768,84.7,4280.8,84.7,4280.8,9111.26
-114.56,-9113.3,191.808,84.8,1.77002,84.8,4261.81,84.8,4261.81,9114.02
-114.583,-9116.05,191.697,84.9,1.7721,84.9,4242.84,84.9,4242.84,9116.77
-114.605,-9118.78,191.586,85,1.77422,85,4223.87,85,4223.87,9119.5
-114.627,-9121.49,191.473,85.1,1.77639,85.1,4204.91,85.1,4204.91,9122.21
-114.649,-9124.19,191.36,85.2,1.7786,85.2,4185.96,85.2,4185.96,9124.91
-114.67,-9126.87,191.245,85.3,1.78086,85.3,4167.02,85.3,4167.02,9127.59
-114.691,-9129.54,191.129,85.4,1.78315,85.4,4148.09,85.4,4148.09,9130.26
-114.711,-9132.2,191.012,85.5,1.78548,85.5,4129.16,85.5,4129.16,9132.92
-114.731,-9134.84,190.893,85.6,1.78784,85.6,4110.25,85.6,4110.25,9135.56
-114.751,-9137.46,190.774,85.7,1.79023,85.7,4091.35,85.7,4091.35,9138.18
-114.77,-9140.07,190.653,85.8,1.79265,85.8,4072.46,85.8,4072.46,9140.79
-114.79,-9142.66,190.531,85.9,1.79509,85.9,4053.58,85.9,4053.58,9143.38
-114.808,-9145.24,190.409,86,1.79756,86,4034.7,86,4034.7,9145.96
-114.827,-9147.81,190.285,86.1,1.80005,86.1,4015.84,86.1,4015.84,9148.53
-114.845,-9150.36,190.16,86.2,1.80255,86.2,3996.99,86.2,3996.99,9151.08
-114.863,-9152.89,190.034,86.3,1.80507,86.3,3978.15,86.3,3978.15,9153.62
-114.88,-9155.42,189.907,86.4,1.8076,86.4,3959.32,86.4,3959.32,9156.14
-114.897,-9157.92,189.779,86.5,1.81014,86.5,3940.51,86.5,3940.51,9158.64
-114.914,-9160.42,189.65,86.6,1.8127,86.6,3921.7,86.6,3921.7,9161.14
-114.931,-9162.9,189.52,86.7,1.81525,86.7,3902.9,86.7,3902.9,9163.62
-114.947,-9165.36,189.389,86.8,1.81782,86.8,3884.12,86.8,3884.12,9166.08
-114.963,-9167.81,189.257,86.9,1.82038,86.9,3865.35,86.9,3865.35,9168.53
-114.978,-9170.25,189.124,87,1.82295,87,3846.58,87,3846.58,9170.97
-114.993,-9172.67,188.991,87.1,1.82551,87.1,3827.83,87.1,3827.83,9173.39
-115.008,-9175.08,188.856,87.2,1.82807,87.2,3809.1,87.2,3809.1,9175.8
-115.023,-9177.47,188.72,87.3,1.83063,87.3,3790.37,87.3,3790.37,9178.19
-115.037,-9179.85,188.584,87.4,1.83318,87.4,3771.65,87.4,3771.65,9180.57
-115.051,-9182.22,188.446,87.5,1.83572,87.5,3752.95,87.5,3752.95,9182.94
-115.064,-9184.57,188.308,87.6,1.83825,87.6,3734.26,87.6,3734.26,9185.29
-115.078,-9186.91,188.168,87.7,1.84078,87.7,3715.58,87.7,3715.58,9187.63
-115.091,-9189.24,188.028,87.8,1.84328,87.8,3696.92,87.8,3696.92,9189.96
-115.104,-9191.55,187.887,87.9,1.84578,87.9,3678.27,87.9,3678.27,9192.27
-115.116,-9193.85,187.746,88,1.84826,88,3659.63,88,3659.63,9194.57
-115.128,-9196.13,187.603,88.1,1.85072,88.1,3641,88.1,3641,9196.85
-115.14,-9198.4,187.459,88.2,1.85316,88.2,3622.38,88.2,3622.38,9199.12
-115.151,-9200.66,187.315,88.3,1.85558,88.3,3603.78,88.3,3603.78,9201.38
-115.162,-9202.91,187.17,88.4,1.85799,88.4,3585.19,88.4,3585.19,9203.63
-115.173,-9205.14,187.024,88.5,1.86037,88.5,3566.62,88.5,3566.62,9205.86
-115.184,-9207.36,186.878,88.6,1.86272,88.6,3548.05,88.6,3548.05,9208.08
-115.194,-9209.56,186.73,88.7,1.86506,88.7,3529.5,88.7,3529.5,9210.28
-115.204,-9211.76,186.582,88.8,1.86737,88.8,3510.97,88.8,3510.97,9212.48
-115.214,-9213.94,186.433,88.9,1.86965,88.9,3492.44,88.9,3492.44,9214.66
-115.224,-9216.1,186.284,89,1.8719,89,3473.93,89,3473.93,9216.82
-115.233,-9218.26,186.134,89.1,1.87413,89.1,3455.44,89.1,3455.44,9218.98
-115.242,-9220.4,185.983,89.2,1.87632,89.2,3436.96,89.2,3436.96,9221.12
-115.25,-9222.53,185.831,89.3,1.87849,89.3,3418.49,89.3,3418.49,9223.25
-115.258,-9224.64,185.678,89.4,1.88063,89.4,3400.03,89.4,3400.03,9225.36
-115.266,-9226.74,185.525,89.5,1.88273,89.5,3381.59,89.5,3381.59,9227.46
-115.274,-9228.83,185.372,89.6,1.8848,89.6,3363.16,89.6,3363.16,9229.55
-115.282,-9230.91,185.217,89.7,1.88684,89.7,3344.75,89.7,3344.75,9231.63
-115.289,-9232.98,185.062,89.8,1.88884,89.8,3326.35,89.8,3326.35,9233.7
-115.296,-9235.03,184.907,89.9,1.89081,89.9,3307.97,89.9,3307.97,9235.75
-115.303,-9237.07,184.75,90,1.89275,90,3289.6,90,3289.6,9237.79
-115.309,-9239.1,184.593,90.1,1.89465,90.1,3271.24,90.1,3271.24,9239.82
-115.315,-9241.12,184.436,90.2,1.89651,90.2,3252.9,90.2,3252.9,9241.83
-115.321,-9243.12,184.278,90.3,1.89833,90.3,3234.58,90.3,3234.58,9243.84
-115.326,-9245.11,184.119,90.4,1.90012,90.4,3216.26,90.4,3216.26,9245.83
-115.332,-9247.09,183.96,90.5,1.90187,90.5,3197.97,90.5,3197.97,9247.81
-115.337,-9249.06,183.8,90.6,1.90358,90.6,3179.69,90.6,3179.69,9249.78
-115.342,-9251.01,183.64,90.7,1.90526,90.7,3161.42,90.7,3161.42,9251.73
-115.346,-9252.96,183.479,90.8,1.90689,90.8,3143.17,90.8,3143.17,9253.68
-115.35,-9254.89,183.317,90.9,1.90848,90.9,3124.93,90.9,3124.93,9255.61
-115.355,-9256.81,183.156,91,1.91004,91,3106.7,91,3106.7,9257.53
-115.358,-9258.72,182.993,91.1,1.91155,91.1,3088.5,91.1,3088.5,9259.44
-115.362,-9260.62,182.83,91.2,1.91302,91.2,3070.3,91.2,3070.3,9261.33
-115.365,-9262.5,182.667,91.3,1.91445,91.3,3052.13,91.3,3052.13,9263.22
-115.368,-9264.37,182.503,91.4,1.91584,91.4,3033.96,91.4,3033.96,9265.09
-115.371,-9266.24,182.338,91.5,1.91719,91.5,3015.82,91.5,3015.82,9266.96
-115.373,-9268.09,182.173,91.6,1.9185,91.6,2997.69,91.6,2997.69,9268.81
-115.376,-9269.93,182.008,91.7,1.91976,91.7,2979.57,91.7,2979.57,9270.65
-115.378,-9271.76,181.842,91.8,1.92098,91.8,2961.47,91.8,2961.47,9272.47
-115.38,-9273.57,181.676,91.9,1.92216,91.9,2943.39,91.9,2943.39,9274.29
-115.381,-9275.38,181.509,92,1.9233,92,2925.32,92,2925.32,9276.1
-115.382,-9277.17,181.342,92.1,1.92439,92.1,2907.26,92.1,2907.26,9277.89
-115.384,-9278.96,181.175,92.2,1.92545,92.2,2889.22,92.2,2889.22,9279.67
-115.384,-9280.73,181.007,92.3,1.92645,92.3,2871.2,92.3,2871.2,9281.44
-115.385,-9282.49,180.838,92.4,1.92742,92.4,2853.2,92.4,2853.2,9283.21
-115.385,-9284.24,180.67,92.5,1.92834,92.5,2835.21,92.5,2835.21,9284.96
-115.386,-9285.98,180.501,92.6,1.92922,92.6,2817.23,92.6,2817.23,9286.7
-115.385,-9287.71,180.331,92.7,1.93006,92.7,2799.27,92.7,2799.27,9288.42
-115.385,-9289.42,180.161,92.8,1.93085,92.8,2781.33,92.8,2781.33,9290.14
-115.385,-9291.13,179.991,92.9,1.9316,92.9,2763.4,92.9,2763.4,9291.85
-115.384,-9292.83,179.821,93,1.9323,93,2745.49,93,2745.49,9293.54
-115.383,-9294.51,179.65,93.1,1.93297,93.1,2727.6,93.1,2727.6,9295.23
-115.382,-9296.19,179.479,93.2,1.93359,93.2,2709.72,93.2,2709.72,9296.91
-115.38,-9297.85,179.307,93.3,1.93416,93.3,2691.86,93.3,2691.86,9298.57
-115.379,-9299.51,179.135,93.4,1.9347,93.4,2674.01,93.4,2674.01,9300.22
-115.377,-9301.15,178.963,93.5,1.93519,93.5,2656.18,93.5,2656.18,9301.87
-115.375,-9302.79,178.791,93.6,1.93563,93.6,2638.37,93.6,2638.37,9303.5
-115.372,-9304.41,178.618,93.7,1.93604,93.7,2620.57,93.7,2620.57,9305.12
-115.37,-9306.02,178.445,93.8,1.9364,93.8,2602.79,93.8,2602.79,9306.74
-115.367,-9307.62,178.272,93.9,1.93672,93.9,2585.03,93.9,2585.03,9308.34
-115.364,-9309.22,178.098,94,1.93699,94,2567.28,94,2567.28,9309.93
-115.361,-9310.8,177.924,94.1,1.93723,94.1,2549.55,94.1,2549.55,9311.51
-115.358,-9312.37,177.75,94.2,1.93742,94.2,2531.84,94.2,2531.84,9313.09
-115.354,-9313.93,177.576,94.3,1.93757,94.3,2514.14,94.3,2514.14,9314.65
-115.351,-9315.49,177.402,94.4,1.93767,94.4,2496.46,94.4,2496.46,9316.2
-115.347,-9317.03,177.227,94.5,1.93774,94.5,2478.8,94.5,2478.8,9317.74
-115.342,-9318.56,177.052,94.6,1.93776,94.6,2461.15,94.6,2461.15,9319.28
-115.338,-9320.09,176.877,94.7,1.93774,94.7,2443.52,94.7,2443.52,9320.8
-115.334,-9321.6,176.701,94.8,1.93768,94.8,2425.9,94.8,2425.9,9322.31
-115.329,-9323.1,176.525,94.9,1.93758,94.9,2408.31,94.9,2408.31,9323.82
-115.324,-9324.6,176.35,95,1.93744,95,2390.73,95,2390.73,9325.31
-115.319,-9326.08,176.174,95.1,1.93726,95.1,2373.16,95.1,2373.16,9326.79
-115.313,-9327.56,175.997,95.2,1.93703,95.2,2355.62,95.2,2355.62,9328.27
-115.308,-9329.02,175.821,95.3,1.93677,95.3,2338.09,95.3,2338.09,9329.73
-115.302,-9330.48,175.645,95.4,1.93647,95.4,2320.57,95.4,2320.57,9331.19
-115.296,-9331.92,175.468,95.5,1.93612,95.5,2303.08,95.5,2303.08,9332.64
-115.29,-9333.36,175.291,95.6,1.93574,95.6,2285.6,95.6,2285.6,9334.07
-115.284,-9334.79,175.114,95.7,1.93532,95.7,2268.14,95.7,2268.14,9335.5
-115.277,-9336.21,174.937,95.8,1.93486,95.8,2250.69,95.8,2250.69,9336.92
-115.271,-9337.62,174.76,95.9,1.93435,95.9,2233.26,95.9,2233.26,9338.33
-115.264,-9339.02,174.582,96,1.93382,96,2215.85,96,2215.85,9339.73
-115.257,-9340.41,174.405,96.1,1.93324,96.1,2198.46,96.1,2198.46,9341.12
-115.25,-9341.79,174.227,96.2,1.93262,96.2,2181.08,96.2,2181.08,9342.5
-115.242,-9343.17,174.049,96.3,1.93197,96.3,2163.72,96.3,2163.72,9343.88
-115.235,-9344.53,173.871,96.4,1.93128,96.4,2146.38,96.4,2146.38,9345.24
-115.227,-9345.89,173.693,96.5,1.93055,96.5,2129.05,96.5,2129.05,9346.6
-115.219,-9347.23,173.515,96.6,1.92978,96.6,2111.75,96.6,2111.75,9347.94
-115.211,-9348.57,173.337,96.7,1.92898,96.7,2094.46,96.7,2094.46,9349.28
-115.203,-9349.9,173.159,96.8,1.92814,96.8,2077.18,96.8,2077.18,9350.61
-115.194,-9351.22,172.98,96.9,1.92727,96.9,2059.93,96.9,2059.93,9351.93
-115.186,-9352.53,172.802,97,1.92635,97,2042.69,97,2042.69,9353.24
-115.177,-9353.84,172.624,97.1,1.92541,97.1,2025.46,97.1,2025.46,9354.55
-115.168,-9355.13,172.445,97.2,1.92443,97.2,2008.26,97.2,2008.26,9355.84
-115.159,-9356.42,172.266,97.3,1.92341,97.3,1991.07,97.3,1991.07,9357.13
-115.15,-9357.7,172.088,97.4,1.92236,97.4,1973.9,97.4,1973.9,9358.41
-115.141,-9358.97,171.909,97.5,1.92127,97.5,1956.75,97.5,1956.75,9359.68
-115.131,-9360.23,171.73,97.6,1.92015,97.6,1939.61,97.6,1939.61,9360.94
-115.121,-9361.48,171.552,97.7,1.919,97.7,1922.5,97.7,1922.5,9362.19
-115.111,-9362.73,171.373,97.8,1.91781,97.8,1905.39,97.8,1905.39,9363.43
-115.101,-9363.96,171.194,97.9,1.91659,97.9,1888.31,97.9,1888.31,9364.67
-115.091,-9365.19,171.015,98,1.91534,98,1871.24,98,1871.24,9365.9
-115.081,-9366.41,170.836,98.1,1.91406,98.1,1854.2,98.1,1854.2,9367.12
-115.07,-9367.62,170.657,98.2,1.91274,98.2,1837.16,98.2,1837.16,9368.33
-115.06,-9368.83,170.479,98.3,1.91139,98.3,1820.15,98.3,1820.15,9369.53
-115.049,-9370.02,170.3,98.4,1.91001,98.4,1803.15,98.4,1803.15,9370.73
-115.038,-9371.21,170.121,98.5,1.9086,98.5,1786.17,98.5,1786.17,9371.92
-115.027,-9372.39,169.942,98.6,1.90715,98.6,1769.21,98.6,1769.21,9373.1
-115.015,-9373.56,169.763,98.7,1.90568,98.7,1752.27,98.7,1752.27,9374.27
-115.004,-9374.73,169.584,98.8,1.90418,98.8,1735.34,98.8,1735.34,9375.43
-114.992,-9375.89,169.406,98.9,1.90264,98.9,1718.43,98.9,1718.43,9376.59
-114.981,-9377.04,169.227,99,1.90108,99,1701.54,99,1701.54,9377.74
-114.969,-9378.18,169.048,99.1,1.89949,99.1,1684.66,99.1,1684.66,9378.88
-114.957,-9379.31,168.869,99.2,1.89787,99.2,1667.8,99.2,1667.8,9380.02
-114.945,-9380.44,168.691,99.3,1.89622,99.3,1650.96,99.3,1650.96,9381.14
-114.933,-9381.56,168.512,99.4,1.89454,99.4,1634.14,99.4,1634.14,9382.26
-114.92,-9382.67,168.334,99.5,1.89284,99.5,1617.33,99.5,1617.33,9383.37
-114.908,-9383.77,168.155,99.6,1.8911,99.6,1600.55,99.6,1600.55,9384.47
-114.895,-9384.87,167.977,99.7,1.88934,99.7,1583.78,99.7,1583.78,9385.57
-114.882,-9385.96,167.798,99.8,1.88756,99.8,1567.02,99.8,1567.02,9386.66
-114.869,-9387.04,167.62,99.9,1.88574,99.9,1550.29,99.9,1550.29,9387.74
-114.856,-9388.11,167.442,100,1.8839,100,1533.57,100,1533.57,9388.82
-114.843,-9389.18,167.264,100.1,1.88203,100.1,1516.87,100.1,1516.87,9389.88
-114.83,-9390.24,167.085,100.2,1.88014,100.2,1500.18,100.2,1500.18,9390.94
-114.816,-9391.29,166.907,100.3,1.87823,100.3,1483.52,100.3,1483.52,9392
-114.803,-9392.34,166.729,100.4,1.87628,100.4,1466.87,100.4,1466.87,9393.04
-114.789,-9393.38,166.552,100.5,1.87432,100.5,1450.24,100.5,1450.24,9394.08
-114.775,-9394.41,166.374,100.6,1.87233,100.6,1433.62,100.6,1433.62,9395.11
-114.761,-9395.43,166.196,100.7,1.87031,100.7,1417.02,100.7,1417.02,9396.14
-114.747,-9396.45,166.019,100.8,1.86827,100.8,1400.44,100.8,1400.44,9397.15
-114.733,-9397.46,165.841,100.9,1.86621,100.9,1383.88,100.9,1383.88,9398.16
-114.718,-9398.47,165.664,101,1.86412,101,1367.34,101,1367.34,9399.17
-114.704,-9399.46,165.487,101.1,1.86202,101.1,1350.81,101.1,1350.81,9400.16
-114.689,-9400.46,165.31,101.2,1.85989,101.2,1334.3,101.2,1334.3,9401.15
-114.675,-9401.44,165.133,101.3,1.85773,101.3,1317.81,101.3,1317.81,9402.14
-114.66,-9402.42,164.956,101.4,1.85556,101.4,1301.33,101.4,1301.33,9403.12
-114.645,-9403.39,164.779,101.5,1.85336,101.5,1284.87,101.5,1284.87,9404.09
-114.63,-9404.35,164.602,101.6,1.85115,101.6,1268.43,101.6,1268.43,9405.05
-114.615,-9405.31,164.426,101.7,1.84891,101.7,1252.01,101.7,1252.01,9406.01
-114.6,-9406.26,164.249,101.8,1.84665,101.8,1235.6,101.8,1235.6,9406.96
-114.584,-9407.2,164.073,101.9,1.84437,101.9,1219.21,101.9,1219.21,9407.9
-114.569,-9408.14,163.897,102,1.84207,102,1202.84,102,1202.84,9408.84
-114.553,-9409.07,163.721,102.1,1.83975,102.1,1186.49,102.1,1186.49,9409.77
-114.537,-9410,163.545,102.2,1.83742,102.2,1170.15,102.2,1170.15,9410.69
-114.522,-9410.91,163.37,102.3,1.83506,102.3,1153.83,102.3,1153.83,9411.61
-114.506,-9411.83,163.194,102.4,1.83268,102.4,1137.53,102.4,1137.53,9412.52
-114.49,-9412.73,163.019,102.5,1.83029,102.5,1121.24,102.5,1121.24,9413.43
-114.474,-9413.63,162.843,102.6,1.82788,102.6,1104.98,102.6,1104.98,9414.33
-114.457,-9414.53,162.668,102.7,1.82545,102.7,1088.72,102.7,1088.72,9415.22
-114.441,-9415.41,162.494,102.8,1.823,102.8,1072.49,102.8,1072.49,9416.11
-114.425,-9416.29,162.319,102.9,1.82054,102.9,1056.27,102.9,1056.27,9416.99
-114.408,-9417.17,162.144,103,1.81805,103,1040.07,103,1040.07,9417.86
-114.391,-9418.04,161.97,103.1,1.81556,103.1,1023.89,103.1,1023.89,9418.73
-114.375,-9418.9,161.796,103.2,1.81304,103.2,1007.73,103.2,1007.73,9419.6
-114.358,-9419.76,161.622,103.3,1.81051,103.3,991.578,103.3,991.578,9420.45
-114.341,-9420.61,161.448,103.4,1.80796,103.4,975.447,103.4,975.447,9421.3
-114.324,-9421.46,161.274,103.5,1.8054,103.5,959.333,103.5,959.333,9422.15
-114.307,-9422.3,161.101,103.6,1.80282,103.6,943.236,103.6,943.236,9422.99
-114.289,-9423.13,160.927,103.7,1.80023,103.7,927.157,103.7,927.157,9423.82
-114.272,-9423.96,160.754,103.8,1.79762,103.8,911.094,103.8,911.094,9424.65
-114.255,-9424.78,160.581,103.9,1.795,103.9,895.048,103.9,895.048,9425.47
-114.237,-9425.6,160.408,104,1.79237,104,879.02,104,879.02,9426.29
-114.22,-9426.41,160.236,104.1,1.78972,104.1,863.008,104.1,863.008,9427.1
-114.202,-9427.21,160.063,104.2,1.78705,104.2,847.013,104.2,847.013,9427.9
-114.184,-9428.01,159.891,104.3,1.78438,104.3,831.035,104.3,831.035,9428.7
-114.166,-9428.81,159.719,104.4,1.78169,104.4,815.075,104.4,815.075,9429.5
-114.148,-9429.59,159.548,104.5,1.77899,104.5,799.131,104.5,799.131,9430.28
-114.13,-9430.38,159.376,104.6,1.77627,104.6,783.204,104.6,783.204,9431.07
-114.112,-9431.15,159.205,104.7,1.77354,104.7,767.294,104.7,767.294,9431.84
-114.094,-9431.93,159.033,104.8,1.7708,104.8,751.401,104.8,751.401,9432.62
-114.076,-9432.69,158.862,104.9,1.76805,104.9,735.524,104.9,735.524,9433.38
-114.058,-9433.45,158.692,105,1.76529,105,719.665,105,719.665,9434.14
-114.039,-9434.21,158.521,105.1,1.76252,105.1,703.822,105.1,703.822,9434.9
-114.021,-9434.96,158.351,105.2,1.75973,105.2,687.997,105.2,687.997,9435.65
-114.002,-9435.71,158.181,105.3,1.75693,105.3,672.188,105.3,672.188,9436.39
-113.983,-9436.45,158.011,105.4,1.75413,105.4,656.395,105.4,656.395,9437.13
-113.965,-9437.18,157.841,105.5,1.75131,105.5,640.62,105.5,640.62,9437.87
-113.946,-9437.91,157.672,105.6,1.74848,105.6,624.861,105.6,624.861,9438.6
-113.927,-9438.63,157.503,105.7,1.74565,105.7,609.119,105.7,609.119,9439.32
-113.908,-9439.35,157.334,105.8,1.7428,105.8,593.394,105.8,593.394,9440.04
-113.889,-9440.07,157.165,105.9,1.73994,105.9,577.685,105.9,577.685,9440.76
-113.87,-9440.78,156.996,106,1.73708,106,561.993,106,561.993,9441.46
-113.85,-9441.48,156.828,106.1,1.7342,106.1,546.318,106.1,546.318,9442.17
-113.831,-9442.18,156.66,106.2,1.73132,106.2,530.659,106.2,530.659,9442.87
-113.812,-9442.88,156.492,106.3,1.72843,106.3,515.017,106.3,515.017,9443.56
-113.792,-9443.57,156.324,106.4,1.72553,106.4,499.391,106.4,499.391,9444.25
-113.773,-9444.25,156.157,106.5,1.72262,106.5,483.782,106.5,483.782,9444.94
-113.753,-9444.93,155.99,106.6,1.71971,106.6,468.189,106.6,468.189,9445.62
-113.734,-9445.61,155.823,106.7,1.71679,106.7,452.613,106.7,452.613,9446.29
-113.714,-9446.28,155.656,106.8,1.71386,106.8,437.054,106.8,437.054,9446.96
-113.694,-9446.94,155.49,106.9,1.71092,106.9,421.511,106.9,421.511,9447.63
-113.674,-9447.6,155.324,107,1.70797,107,405.984,107,405.984,9448.29
-113.654,-9448.26,155.158,107.1,1.70502,107.1,390.474,107.1,390.474,9448.94
-113.635,-9448.91,154.992,107.2,1.70206,107.2,374.98,107.2,374.98,9449.59
-113.615,-9449.56,154.827,107.3,1.6991,107.3,359.503,107.3,359.503,9450.24
-113.594,-9450.2,154.661,107.4,1.69613,107.4,344.042,107.4,344.042,9450.88
-113.574,-9450.84,154.497,107.5,1.69315,107.5,328.597,107.5,328.597,9451.52
-113.554,-9451.47,154.332,107.6,1.69017,107.6,313.169,107.6,313.169,9452.15
-113.534,-9452.1,154.167,107.7,1.68719,107.7,297.757,107.7,297.757,9452.78
-113.513,-9452.72,154.003,107.8,1.68419,107.8,282.361,107.8,282.361,9453.4
-113.493,-9453.34,153.839,107.9,1.68119,107.9,266.981,107.9,266.981,9454.02
-113.473,-9453.96,153.675,108,1.67819,108,251.618,108,251.618,9454.64
-113.452,-9454.57,153.512,108.1,1.67518,108.1,236.27,108.1,236.27,9455.25
-113.432,-9455.17,153.349,108.2,1.67217,108.2,220.939,108.2,220.939,9455.85
-113.411,-9455.78,153.186,108.3,1.66915,108.3,205.625,108.3,205.625,9456.46
-113.39,-9456.37,153.023,108.4,1.66613,108.4,190.326,108.4,190.326,9457.05
-113.37,-9456.97,152.861,108.5,1.66311,108.5,175.043,108.5,175.043,9457.65
-113.349,-9457.56,152.699,108.6,1.66008,108.6,159.777,108.6,159.777,9458.24
-113.328,-9458.14,152.537,108.7,1.65705,108.7,144.526,108.7,144.526,9458.82
-113.307,-9458.72,152.375,108.8,1.65401,108.8,129.292,108.8,129.292,9459.4
-113.286,-9459.3,152.214,108.9,1.65097,108.9,114.073,108.9,114.073,9459.98
-113.265,-9459.87,152.052,109,1.64793,109,98.8706,109,98.8706,9460.55
-113.244,-9460.44,151.892,109.1,1.64488,109.1,83.684,109.1,83.684,9461.12
-113.223,-9461,151.731,109.2,1.64183,109.2,68.5134,109.2,68.5134,9461.68
-113.202,-9461.56,151.571,109.3,1.63878,109.3,53.3587,109.3,53.3587,9462.24
-113.181,-9462.12,151.411,109.4,1.63573,109.4,38.2199,109.4,38.2199,9462.8
-113.159,-9462.67,151.251,109.5,1.63267,109.5,23.0969,109.5,23.0969,9463.35
-113.138,-9463.22,151.091,109.6,1.62961,109.6,7.98976,109.6,7.98976,9463.9
-113.117,-9463.76,150.932,109.7,1.62655,109.7,-7.10156,109.7,-7.10156,9464.44
